country,year,GDP_per_capita,Education_Tertiary,Rule_of_Law,CO2_per_capita,Income_Group
ABW,2020,22729.8897593533,,1.27059960365295,7.641,High Income
ABW,2019,29699.1805366222,,1.22834599018097,7.767,High Income
ABW,2018,29419.208623316,,1.25965404510498,8.158,High Income
ABW,2017,28548.8904317739,,1.29584264755249,8.42,High Income
ABW,2016,27587.2498040483,17.1416206359863,1.2266480922699,8.411,High Income
ABW,2015,27458.2201537506,16.7312393188477,1.22713792324066,8.615,High Income
ABW,2014,26773.8226808518,17.7518997192383,1.0364248752594,8.435,High Income
ABW,2013,26680.1411206342,17.1258697509766,1.29263317584991,8.395,High Income
ABW,2012,25444.7336646687,38.8641815185547,1.30978834629059,13.212,High Income
ABW,2011,26093.0542083227,37.8648109436035,1.3224583864212,24.706,High Income
ABW,2010,25429.2180974853,36.0625305175781,1.41611361503601,25.03,High Income
ABW,2009,26204.0597361984,34.4308586120605,1.42620670795441,26.526,High Income
ABW,2008,29870.6648077005,35.0970611572266,0.847226142883301,27.157,High Income
ABW,2007,29556.8384686554,34.8968086242676,0.826464056968689,29.205,High Income
ABW,2006,28885.9118700469,34.2268714904785,0.810431301593781,28.42,High Income
ABW,2005,29081.7066997897,36.204231262207,0.847438395023346,28.81,High Income
ABW,2004,29959.7748189582,30.352689743042,0.915526807308197,28.063,High Income
ABW,2003,28525.8077063839,30.3779106140137,,27.741,High Income
ABW,2002,28535.4639480222,28.5816898345947,,26.66,High Income
ABW,2001,29007.7386958774,28.8601303100586,,26.652,High Income
ABW,2000,28104.8954362859,,,26.787,High Income
ABW,1999,26384.8105935137,,,9.363,High Income
ABW,1998,26418.0883302727,,,9.62,High Income
ABW,1997,26547.4166076696,,,9.349,High Income
ABW,1996,25779.5979282247,,,9.195,High Income
ABW,1995,26504.1864180809,,,9.361,High Income
ABW,1994,26581.9767488997,,,8.976,High Income
ABW,1993,25870.1533960504,,,9.123,High Income
ABW,1992,25743.4455010025,,,7.818,High Income
ABW,1991,25460.3630272927,,,7.981,High Income
ABW,1990,24763.6538099384,,,7.561,High Income
AND,2020,34536.666145207,15.2605749006777,1.61518156528473,4.876,High Income
AND,2019,39346.2935180487,15.4352596927579,1.51021492481232,6.419,High Income
AND,2018,39242.1633307803,15.7132150886835,1.53650796413422,6.628,High Income
AND,2017,39361.0807539996,15.6664896441848,1.53556883335114,6.406,High Income
AND,2016,40085.0394278177,15.2011095700416,1.51293611526489,6.547,High Income
AND,2015,38654.95287916,13.8206896551724,1.51319181919098,6.445,High Income
AND,2014,37300.6419409868,13.5399673735726,1.63860523700714,6.259,High Income
AND,2013,35684.1861967511,14.5405405405405,1.40161538124084,6.332,High Income
AND,2012,36206.9954432018,12.870249017038,1.40118777751923,6.34,High Income
AND,2011,37637.5045137987,,1.3992737531662,6.311,High Income
AND,2010,36277.2814831059,,1.19792461395264,6.4,High Income
AND,2009,35604.4007343193,,1.21778512001038,6.157,High Income
AND,2008,37775.1438845998,11.0230503082275,1.1863876581192,6.449,High Income
AND,2007,40789.1781297264,,1.16824507713318,6.576,High Income
AND,2006,41322.0723316534,9.93558025360107,0.855685830116272,6.858,High Income
AND,2005,40528.1938997392,8.45697021484375,0.966194272041321,7.476,High Income
AND,2004,40054.3399679173,8.74042987823486,1.1943244934082,7.59,High Income
AND,2003,39620.3387714274,8.82606983184814,1.05598330497742,7.696,High Income
AND,2002,38084.5022003398,7.30906009674072,1.22384059429169,7.986,High Income
AND,2001,36790.1209900717,,,7.954,High Income
AND,2000,34113.8334027285,,1.28616547584534,7.975,High Income
AND,1999,32938.6592135008,,,7.804,High Income
AND,1998,31800.3790054979,,1.17725396156311,7.507,High Income
AND,1997,31140.7043097433,,,7.19,High Income
AND,1996,28871.2296369485,,1.15836250782013,7.098,High Income
AND,1995,27619.5190355779,,,6.648,High Income
AND,1994,26587.1507935057,,,6.236,High Income
AND,1993,26518.2460901533,,,6.426,High Income
AND,1992,28161.9557223134,,,6.693,High Income
AND,1991,29642.3199056721,,,7.109,High Income
AND,1990,31143.1615046334,,,7.66,High Income
ARE,2020,39878.474427695,54.9746998074699,0.875135958194733,22.783,High Income
ARE,2019,43468.4586811918,53.8814655213653,0.808277487754822,21.76,High Income
ARE,2018,43377.7858697225,53.2113281680102,0.774245142936707,21.837,High Income
ARE,2017,43293.0203824801,,0.768334984779358,21.279,High Income
ARE,2016,45168.4982473243,,0.819037973880768,25.235,High Income
ARE,2015,44910.334995523,,0.614161610603333,25.943,High Income
ARE,2014,44257.6514761082,,0.651002466678619,26.045,High Income
ARE,2013,44312.6337162614,,0.613428473472595,27.348,High Income
ARE,2012,43958.5681120856,,0.534359633922577,27.787,High Income
ARE,2011,43687.7782783233,,0.498547106981277,27.574,High Income
ARE,2010,42328.8508165469,,0.317414134740829,26.786,High Income
ARE,2009,42672.1987890808,,0.399278730154037,25.21,High Income
ARE,2008,47922.6988207823,,0.417219996452332,24.598,High Income
ARE,2007,52038.6159567932,,0.274766087532043,23.842,High Income
ARE,2006,56629.9761392644,,0.31153592467308,24.5,High Income
ARE,2005,55363.5661047143,,0.389575779438019,24.711,High Income
ARE,2004,55611.419401142,,0.433262318372726,25.394,High Income
ARE,2003,53619.1925678774,,0.544806301593781,25.547,High Income
ARE,2002,52216.8753217152,,0.702703297138214,21.536,High Income
ARE,2001,54169.4153530236,,,27.365,High Income
ARE,2000,56939.2701807931,,0.655752897262573,32.138,High Income
ARE,1999,54943.7500978656,,,23.835,High Income
ARE,1998,57355.7858290488,,0.716092944145203,26.517,High Income
ARE,1997,61715.554967354,,,26.016,High Income
ARE,1996,61871.367160368,,0.688413977622986,29.195,High Income
ARE,1995,62393.331494803,,,29.932,High Income
ARE,1994,61156.65096174,,,32.364,High Income
ARE,1993,59942.8588607022,,,29.626,High Income
ARE,1992,62201.6243358255,,,27.429,High Income
ARE,1991,63430.9154589366,,,28.354,High Income
ARE,1990,66481.6137644725,,,27.346,High Income
ASM,2020,13194.274740128,,1.118488073349,,High Income
ASM,2019,12524.0160252283,,1.26820170879364,,High Income
ASM,2018,12412.6024074562,,1.29659616947174,,High Income
ASM,2017,11930.7771236826,,1.29530119895935,,High Income
ASM,2016,12665.2829921268,,1.27915823459625,,High Income
ASM,2015,12727.4102651386,,1.28552782535553,,High Income
ASM,2014,12203.0894714284,,1.40731287002563,,High Income
ASM,2013,11871.7937192729,,1.10143828392029,,High Income
ASM,2012,12068.2667374983,,1.09636723995209,,High Income
ASM,2011,12521.8095058644,,1.09095239639282,,High Income
ASM,2010,12446.3086265015,,1.11120820045471,,High Income
ASM,2009,12342.0575384016,,1.1250547170639,,High Income
ASM,2008,12809.4633079683,,1.11797952651978,,High Income
ASM,2007,13092.3111393408,,1.09091985225677,,High Income
ASM,2006,12794.7565021718,,1.06922149658203,,High Income
ASM,2005,13284.2791128875,,1.10941541194916,,High Income
ASM,2004,13291.5356626851,,0.839596450328827,,High Income
ASM,2003,13201.7347516166,,,,High Income
ASM,2002,13054.6364326897,,,,High Income
ATG,2020,14950.8942397208,,0.407381147146225,6.701,High Income
ATG,2019,18525.2588907167,,0.363515615463257,6.977,High Income
ATG,2018,18042.1596435727,,0.376433491706848,6.769,High Income
ATG,2017,16992.9327495236,,0.40701898932457,6.641,High Income
ATG,2016,16635.895232831,,0.472716420888901,6.597,High Income
ATG,2015,16077.6340769406,,0.553076863288879,6.474,High Income
ATG,2014,15967.284996712,,-0.175784200429916,6.397,High Income
ATG,2013,15748.1952024226,,0.831786811351776,6.323,High Income
ATG,2012,15989.3900199779,25.1156271899089,0.945719003677368,6.381,High Income
ATG,2011,15633.9091131821,15.1060820367751,0.942094743251801,6.322,High Income
ATG,2010,16135.397384487,16.6952054794521,0.952869892120361,6.44,High Income
ATG,2009,17746.700856041,14.8930101394653,0.972667455673218,6.615,High Income
ATG,2008,20464.786306605,,0.937939405441284,6.495,High Income
ATG,2007,20770.2689732844,,0.893503189086914,6.546,High Income
ATG,2006,19259.6486517907,,0.921211838722229,6.408,High Income
ATG,2005,17301.2134317518,,0.659244239330292,6.028,High Income
ATG,2004,16433.4130541483,,0.908433735370636,5.724,High Income
ATG,2003,15703.9347145491,,1.03794968128204,5.55,High Income
ATG,2002,14968.0703013883,,1.03455221652985,5.231,High Income
ATG,2001,15003.4389169034,,,4.912,High Income
ATG,2000,15961.0918359058,,1.03490352630615,4.743,High Income
ATG,1999,15282.9733985907,,,4.674,High Income
ATG,1998,14991.7802610684,,1.05356311798096,4.452,High Income
ATG,1997,14588.3079841576,,,4.331,High Income
ATG,1996,14117.8679127333,,1.05084490776062,4.104,High Income
ATG,1995,13519.5287711166,,,3.975,High Income
ATG,1994,14420.4693979194,,,4.0,High Income
ATG,1993,13776.8264136781,,,3.91,High Income
ATG,1992,13326.2728796496,,,3.867,High Income
ATG,1991,13385.0114363295,,,3.929,High Income
ATG,1990,13166.5241173582,,,3.833,High Income
AUS,2020,58377.7670517802,110.139221191406,1.61500358581543,15.481,High Income
AUS,2019,59181.2997904131,109.759559631348,1.69461703300476,16.283,High Income
AUS,2018,58772.7063152213,103.322090148926,1.67466557025909,16.512,High Income
AUS,2017,57991.771347333,109.993309020996,1.64595770835876,16.716,High Income
AUS,2016,57632.9995925594,119.682777404785,1.7166656255722,16.838,High Income
AUS,2015,56970.3613028094,119.679389953613,1.79032063484192,16.727,High Income
AUS,2014,56571.8062524437,,1.91863083839417,16.639,High Income
AUS,2013,55966.1509270561,,1.77010083198547,17.122,High Income
AUS,2012,55465.4462872577,,1.75977957248688,17.722,High Income
AUS,2011,54296.2321324814,,1.73315370082855,17.966,High Income
AUS,2010,53768.349733441,,1.75771832466125,18.293,High Income
AUS,2009,53430.5274781651,,1.73300874233246,18.683,High Income
AUS,2008,53497.275355342,,1.75908350944519,18.918,High Income
AUS,2007,52671.325846724,,1.74388742446899,19.036,High Income
AUS,2006,51682.8925230537,,1.75673854351044,19.007,High Income
AUS,2005,50972.640519744,,1.71280241012573,18.975,High Income
AUS,2004,50018.5904483861,,1.79539239406586,19.056,High Income
AUS,2003,48509.6632180363,,1.84277212619781,18.708,High Income
AUS,2002,47599.4079289312,,1.76704657077789,18.495,High Income
AUS,2001,46314.6235297968,,,18.469,High Income
AUS,2000,45979.0765654048,,1.72206687927246,18.288,High Income
AUS,1999,44755.6599721318,,,18.185,High Income
AUS,1998,43081.7201718179,,1.7568027973175,17.861,High Income
AUS,1997,41569.1653679391,,,17.306,High Income
AUS,1996,40437.0941864857,,1.71339905261993,17.036,High Income
AUS,1995,39407.5647528439,,,16.853,High Income
AUS,1994,38356.7691976693,,,16.405,High Income
AUS,1993,37246.0044332363,,,16.294,High Income
AUS,1992,36117.5446503441,,,16.208,High Income
AUS,1991,36366.6962397612,,,16.103,High Income
AUS,1990,36975.4199007908,,,16.236,High Income
AUT,2020,43428.6983137234,88.7071990966797,1.77060890197754,6.97,High Income
AUT,2019,46550.5622459492,86.3234329223633,1.86229813098907,7.651,High Income
AUT,2018,45951.5819164034,85.8698883056641,1.85348308086395,7.529,High Income
AUT,2017,45056.6385912412,83.8392562866211,1.8003545999527,7.91,High Income
AUT,2016,44362.6702805116,82.8496932983398,1.76146185398102,7.693,High Income
AUT,2015,43915.228020857,82.2563095092773,1.81477534770966,7.677,High Income
AUT,2014,43838.8345892137,81.0195693969727,1.93843615055084,7.506,High Income
AUT,2013,43851.3675497404,80.9616012573242,1.83409059047699,7.989,High Income
AUT,2012,44221.4599530893,79.5471267700195,1.85712373256683,7.977,High Income
AUT,2011,44146.1956805294,77.2625122070312,1.79896306991577,8.327,High Income
AUT,2010,43035.4073531933,75.0402526855469,1.80120265483856,8.607,High Income
AUT,2009,42372.4758254763,67.9915771484375,1.77744269371033,8.065,High Income
AUT,2008,44063.8642019916,66.1983871459961,1.91069889068604,8.827,High Income
AUT,2007,43568.8302243941,63.8021202087402,1.94182562828064,8.93,High Income
AUT,2006,42120.1557002022,,1.8997688293457,9.286,High Income
AUT,2005,40989.0131778975,,1.84724950790405,9.612,High Income
AUT,2004,40333.3307183894,,1.81666433811188,9.508,High Income
AUT,2003,39569.2885567329,,1.84791743755341,9.53,High Income
AUT,2002,39313.7225107545,,1.85791265964508,8.908,High Income
AUT,2001,38929.753800545,,,8.728,High Income
AUT,2000,38571.0858780001,,1.81233263015747,8.262,High Income
AUT,1999,37468.8698869794,,,8.215,High Income
AUT,1998,36180.7490571265,,1.80328798294067,8.39,High Income
AUT,1997,34998.0321173934,,,8.445,High Income
AUT,1996,34301.6562151382,,1.80815303325653,8.468,High Income
AUT,1995,33603.4278263558,,,8.058,High Income
AUT,1994,32780.3419423369,,,7.694,High Income
AUT,1993,32134.8299135937,,,7.678,High Income
AUT,1992,32231.1216141522,,,7.688,High Income
AUT,1991,31919.5573520278,,,8.481,High Income
AUT,1990,31167.1857978698,,,8.098,High Income
BEL,2020,40769.0218072962,79.4996032714844,1.32759404182434,7.908,High Income
BEL,2019,43006.4042308863,79.3044815063477,1.3361576795578,8.685,High Income
BEL,2018,42208.3625650272,79.1237487792969,1.33859252929688,8.772,High Income
BEL,2017,41619.328629169,80.7738189697266,1.32062590122223,8.727,High Income
BEL,2016,41172.8862831209,77.2435073852539,1.39380347728729,8.808,High Income
BEL,2015,40893.804537772,76.423942565918,1.45622563362122,8.987,High Income
BEL,2014,40533.9135027898,74.0397262573242,1.54851686954498,8.66,High Income
BEL,2013,40007.8997891411,71.7841110229492,1.45676612854004,9.213,High Income
BEL,2012,40074.492800399,69.7490615844727,1.44880962371826,9.227,High Income
BEL,2011,40236.9596308558,67.7034072875977,1.43484890460968,9.526,High Income
BEL,2010,39991.5646206286,66.8578872680664,1.41785252094269,10.475,High Income
BEL,2009,39293.637546825,64.9798431396484,1.37714815139771,9.97,High Income
BEL,2008,40380.9075004042,62.7642097473145,1.33520579338074,11.224,High Income
BEL,2007,40520.0843207009,62.461841583252,1.31538724899292,11.34,High Income
BEL,2006,39371.0858277448,63.3717384338379,1.22459959983826,11.746,High Income
BEL,2005,38645.2605193362,62.8203315734863,1.25764083862305,11.992,High Income
BEL,2004,37976.6972967442,62.0411491394043,1.31122982501984,12.36,High Income
BEL,2003,36826.2699296094,59.6124610900879,1.33109652996063,12.364,High Income
BEL,2002,36600.862592332,58.1100807189941,1.34493565559387,12.279,High Income
BEL,2001,36148.2880924306,56.7148895263672,,12.257,High Income
BEL,2000,35878.3153586195,56.201831817627,1.3139340877533,12.366,High Income
BEL,1999,34676.6051555263,,,12.195,High Income
BEL,1998,33566.9875919507,,1.21820557117462,12.766,High Income
BEL,1997,32991.5010116146,,,12.181,High Income
BEL,1996,31862.6693868132,,1.36694669723511,12.75,High Income
BEL,1995,31508.622663522,,,12.426,High Income
BEL,1994,30839.2414336465,,,12.34,High Income
BEL,1993,29967.3944241601,,,12.043,High Income
BEL,1992,30376.8745342462,,,12.196,High Income
BEL,1991,30040.5508404095,,,12.341,High Income
BEL,1990,29609.6207516724,,,12.081,High Income
BGR,2020,8440.08304721192,85.5331115722656,-0.127672985196114,5.274,High Income
BGR,2019,8626.13418680372,84.7503128051758,-0.0374133922159672,6.049,High Income
BGR,2018,8194.37434587757,83.134880065918,-0.105849832296371,6.193,High Income
BGR,2017,7898.70693013652,81.2245864868164,-0.1249605640769,6.706,High Income
BGR,2016,7586.50411050819,80.6399612426758,-0.140443801879883,6.362,High Income
BGR,2015,7268.65445473873,78.2999572753906,-0.159493550658226,6.705,High Income
BGR,2014,6941.01853946718,72.981559753418,-0.0820291489362717,6.253,High Income
BGR,2013,6792.73549964735,68.2013397216797,-0.147255629301071,5.862,High Income
BGR,2012,6693.4277325127,62.1616516113281,-0.115051358938217,6.598,High Income
BGR,2011,6605.30851691027,59.8246803283691,-0.141564160585403,7.198,High Income
BGR,2010,6428.71742590538,58.354850769043,-0.0970613583922386,6.429,High Income
BGR,2009,6288.72543188686,55.0083694458008,-0.0403123535215855,6.11,High Income
BGR,2008,6464.72198023576,52.6504096984863,-0.121088020503521,7.169,High Income
BGR,2007,6048.74231752797,51.2403411865234,-0.0576844252645969,7.338,High Income
BGR,2006,5629.80127993005,47.7948303222656,-0.108846172690392,6.785,High Income
BGR,2005,5231.33811895255,46.225269317627,-0.108557619154453,6.576,High Income
BGR,2004,4849.87141310477,43.6935691833496,-0.118167765438557,6.392,High Income
BGR,2003,4519.18439177056,42.8536109924316,-0.171991765499115,6.47,High Income
BGR,2002,4260.40477488601,41.4290084838867,-0.0560499913990498,5.869,High Income
BGR,2001,3937.70160937785,41.0407791137695,,6.183,High Income
BGR,2000,3717.92889906166,42.3398284912109,-0.123777076601982,5.687,High Income
BGR,1999,3537.34544408687,,,5.748,High Income
BGR,1998,3839.97681613318,,-0.222114488482475,6.526,High Income
BGR,1997,3675.18080678785,,,6.791,High Income
BGR,1996,4253.23463876922,,-0.344958007335663,7.051,High Income
BGR,1995,4021.99523881227,,,6.93,High Income
BGR,1994,3891.38240422337,,,6.699,High Income
BGR,1993,3808.94320479934,,,6.896,High Income
BGR,1992,3835.45438611097,,,6.701,High Income
BGR,1991,4092.07948943814,,,7.075,High Income
BGR,1990,4425.49968282931,,,8.687,High Income
BHR,2020,23586.9309581516,54.4077922369055,0.454586416482925,25.238,High Income
BHR,2019,24873.6640060134,52.9045782700327,0.464022487401962,25.319,High Income
BHR,2018,24059.7838641562,50.2628341348842,0.384083539247513,21.833,High Income
BHR,2017,23606.8867501313,48.7280981931009,0.419615566730499,22.211,High Income
BHR,2016,23715.2791328712,46.7631772606016,0.430527567863464,22.129,High Income
BHR,2015,23734.0551143019,45.6439860607554,0.400280714035034,23.744,High Income
BHR,2014,24135.4991304849,44.7866602427761,0.413116037845612,23.59,High Income
BHR,2013,24271.6278814506,44.1274788546413,0.326326549053192,24.839,High Income
BHR,2012,23894.8804447088,47.6811679519633,0.253650158643723,22.365,High Income
BHR,2011,23288.0449398313,46.3075025646345,0.346452385187149,23.654,High Income
BHR,2010,22224.0736166249,,0.429740220308304,24.02,High Income
BHR,2009,22206.9371985225,,0.511492669582367,23.773,High Income
BHR,2008,23127.2148040048,,0.52541184425354,26.344,High Income
BHR,2007,23112.4888058398,,0.521369874477386,25.18,High Income
BHR,2006,23095.0181330228,17.5358505249023,0.370951920747757,24.166,High Income
BHR,2005,23439.6704353038,19.0136394500732,0.597055912017822,26.256,High Income
BHR,2004,23688.1121059225,,0.696617662906647,24.331,High Income
BHR,2003,23857.6403579769,25.1201400756836,0.593708753585815,25.856,High Income
BHR,2002,24149.0156013799,,0.545502603054047,26.737,High Income
BHR,2001,25106.2869742612,,,28.115,High Income
BHR,2000,25407.9694054552,,0.280279636383057,28.673,High Income
BHR,1999,24773.8464104044,19.2530899047852,,27.885,High Income
BHR,1998,24386.5916523491,,0.352346479892731,28.583,High Income
BHR,1997,23893.1335655763,,,27.597,High Income
BHR,1996,23795.2092538862,15.3127403259277,-0.0101162660866976,26.195,High Income
BHR,1995,23465.7129170227,15.6648597717285,,24.854,High Income
BHR,1994,23180.3322555659,16.9074897766113,,24.832,High Income
BHR,1993,23858.1931245824,18.3249492645264,,29.758,High Income
BHR,1992,21701.2220342029,17.6800899505615,,18.99,High Income
BHR,1991,20882.5058640472,16.2764205932617,,21.3,High Income
BHR,1990,18345.8379968815,,,22.327,High Income
BHS,2020,24791.6704945106,,0.0210983492434025,5.183,High Income
BHS,2019,31117.6299132391,,0.045315820723772,6.387,High Income
BHS,2018,31537.2423841956,,0.0689744353294373,6.251,High Income
BHS,2017,30974.7477261317,,0.162333726882935,6.455,High Income
BHS,2016,30152.1619246021,,0.233021557331085,5.788,High Income
BHS,2015,30719.405417469,,0.568194627761841,5.79,High Income
BHS,2014,30658.5344563722,,0.663780391216278,5.396,High Income
BHS,2013,30368.2631244189,,0.632059454917908,5.26,High Income
BHS,2012,31553.4919490645,,0.61443954706192,5.455,High Income
BHS,2011,30492.6738528071,,0.610664069652557,5.677,High Income
BHS,2010,30657.4319059659,,0.716390430927277,6.072,High Income
BHS,2009,30581.3342198488,,0.790569603443146,5.938,High Income
BHS,2008,32331.8246135092,,1.18566608428955,5.361,High Income
BHS,2007,33549.3360007274,,1.25134766101837,5.299,High Income
BHS,2006,33541.850748701,,1.07571339607239,5.322,High Income
BHS,2005,33144.7878790275,,1.3669136762619,5.54,High Income
BHS,2004,32444.0739567569,,1.38215363025665,6.028,High Income
BHS,2003,32559.311554898,,1.41872799396515,6.168,High Income
BHS,2002,33374.602685914,,1.40098106861115,6.132,High Income
BHS,2001,32870.0918307285,,,5.934,High Income
BHS,2000,32424.7271786716,,1.29082238674164,6.257,High Income
BHS,1999,31544.3540604454,,,6.362,High Income
BHS,1998,29837.4381789441,,1.25856113433838,6.309,High Income
BHS,1997,28902.571896854,,,5.173,High Income
BHS,1996,28967.0480464753,,1.14636123180389,5.922,High Income
BHS,1995,28236.3753765914,14.8425798416138,,6.101,High Income
BHS,1994,27503.6353912861,,,5.968,High Income
BHS,1993,27137.178342536,,,5.986,High Income
BHS,1992,27565.9784622985,,,6.535,High Income
BHS,1991,29192.9942606391,,,7.113,High Income
BHS,1990,30995.4830715942,,,7.329,High Income
BMU,2020,98999.5076617935,,0.621794641017914,6.77,High Income
BMU,2019,106709.881238843,,0.784174919128418,9.256,High Income
BMU,2018,106843.163739391,22.3407592773438,0.816772699356079,10.903,High Income
BMU,2017,107734.608357327,21.8093700408936,0.814765870571136,10.081,High Income
BMU,2016,104190.876720334,,0.811602592468262,9.699,High Income
BMU,2015,104855.366822135,30.6167392730713,0.83020007610321,8.542,High Income
BMU,2014,103941.982606956,33.3333282470703,0.0195597112178802,10.493,High Income
BMU,2013,107860.394791964,35.1997718811035,1.10143828392029,8.412,High Income
BMU,2012,108040.575659203,36.9150810241699,1.09636723995209,5.755,High Income
BMU,2011,113937.835700983,37.8277206420898,1.09095239639282,6.954,High Income
BMU,2010,118382.908990645,36.5495414733887,1.11120820045471,9.484,High Income
BMU,2009,121727.584908744,38.3707885742188,0.85692697763443,7.433,High Income
BMU,2008,129525.177139097,29.9917602539062,0.847226142883301,10.184,High Income
BMU,2007,132595.482654866,29.2320194244385,0.826464056968689,11.568,High Income
BMU,2006,128662.931924261,32.5518684387207,0.810431301593781,10.434,High Income
BMU,2005,122143.799577518,,0.847438395023346,9.287,High Income
BMU,2004,120432.12052555,,1.09269785881042,9.31,High Income
BMU,2003,118018.831592635,,1.22844505310059,8.983,High Income
BMU,2002,114574.433608566,,1.20913541316986,8.959,High Income
BMU,2001,116809.925253071,,,8.525,High Income
BMU,2000,109502.763102809,,1.23099732398987,8.391,High Income
BMU,1999,100867.914579743,,,8.39,High Income
BMU,1998,98347.9089816051,,1.20902180671692,8.577,High Income
BMU,1997,95383.0225110365,,,8.704,High Income
BMU,1996,91743.2962338679,,1.21020126342773,8.818,High Income
BMU,1995,89849.1250139813,,,8.922,High Income
BMU,1994,86545.7823557807,,,8.972,High Income
BMU,1993,86582.8344997142,,,9.155,High Income
BMU,1992,84642.6084927299,,,7.901,High Income
BMU,1991,85311.0494288592,,,9.285,High Income
BMU,1990,89089.7346423608,,,8.717,High Income
BRB,2020,17519.837062872,52.971630831,0.294381260871887,4.457,High Income
BRB,2019,20494.3871602646,48.935497470489,0.323312878608704,4.95,High Income
BRB,2018,20483.9550976366,45.8751983077737,0.363294839859009,5.154,High Income
BRB,2017,20788.7046543161,51.0106696691866,0.625477015972137,4.994,High Income
BRB,2016,20684.7801825176,52.0533712473342,0.763291597366333,4.905,High Income
BRB,2015,20424.2087530019,57.2814457564167,1.06278419494629,4.784,High Income
BRB,2014,20713.7670210437,71.2682628742848,1.07996773719788,4.913,High Income
BRB,2013,20609.6076272963,73.1807704972012,1.03936994075775,5.546,High Income
BRB,2012,21036.3003366556,70.0289730657796,1.02571737766266,5.612,High Income
BRB,2011,21842.8635599786,66.9463967271583,1.07407629489899,5.889,High Income
BRB,2010,21982.1839041348,69.5953279239237,1.07453846931458,5.692,High Income
BRB,2009,22572.5926053677,74.2060775756836,1.00787806510925,6.2,High Income
BRB,2008,23887.7289633459,,1.29860198497772,6.356,High Income
BRB,2007,23862.135352962,60.2387390136719,1.31363642215729,5.415,High Income
BRB,2006,23487.4418767503,,1.22523212432861,5.448,High Income
BRB,2005,22250.0263806215,,1.33475089073181,5.318,High Income
BRB,2004,21516.1662922098,,1.42412769794464,5.188,High Income
BRB,2003,21338.1720739511,,1.51915323734283,5.111,High Income
BRB,2002,21012.5595449081,,1.49393892288208,4.985,High Income
BRB,2001,20985.2828573064,41.2074584960938,,4.982,High Income
BRB,2000,21523.3992235883,41.9254302978516,1.39622569084167,4.995,High Income
BRB,1999,20571.3303337703,36.0569381713867,,4.958,High Income
BRB,1998,20509.0448456954,,1.23299062252045,4.678,High Income
BRB,1997,19775.173675272,,,4.404,High Income
BRB,1996,18888.0054711959,,1.04677295684814,4.002,High Income
BRB,1995,18182.6370239921,,,3.903,High Income
BRB,1994,17852.2143292615,,,3.593,High Income
BRB,1993,17540.078082481,27.2394599914551,,3.584,High Income
BRB,1992,17452.8832067824,29.5495491027832,,4.473,High Income
BRB,1991,18570.1489669848,28.3673095703125,,4.563,High Income
BRB,1990,19382.8687219216,18.1553592681885,,4.011,High Income
BRN,2020,30015.9588506697,29.1961193084717,0.897759139537811,24.937,High Income
BRN,2019,29996.2407223175,27.7715019255456,0.588059186935425,21.605,High Income
BRN,2018,29200.1952024222,27.9285989469629,0.599303364753723,21.336,High Income
BRN,2017,29524.65912789,31.2433910195239,0.619767785072327,21.51,High Income
BRN,2016,29492.4145927789,28.6644096374512,0.535822093486786,17.852,High Income
BRN,2015,30625.1287744656,28.6641292572021,0.383211046457291,16.421,High Income
BRN,2014,31148.7297405401,30.0799102783203,0.47270455956459,21.19,High Income
BRN,2013,32381.0739795231,23.4649239797279,0.589591979980469,18.546,High Income
BRN,2012,33544.5389457877,22.0733483384086,0.787489593029022,23.424,High Income
BRN,2011,33754.3640783713,17.4270912772504,0.842867791652679,23.925,High Income
BRN,2010,33121.3178241724,15.3331563578444,0.773040950298309,20.435,High Income
BRN,2009,32855.6021602466,16.5658493041992,0.782543301582336,20.119,High Income
BRN,2008,34126.6941563969,15.7385101318359,0.457919597625732,24.26,High Income
BRN,2007,36174.516515486,15.4847002029419,0.401655524969101,21.777,High Income
BRN,2006,38229.3565684183,15.2068796157837,0.115104831755161,19.589,High Income
BRN,2005,37312.2778797122,15.2498598098755,0.233480259776115,15.124,High Income
BRN,2004,37948.6590825194,15.1707801818848,0.370861232280731,16.907,High Income
BRN,2003,38595.1688513702,14.257490158081,0.564721584320068,17.711,High Income
BRN,2002,37976.2627573601,14.1154699325562,0.48044890165329,15.54,High Income
BRN,2001,37269.3099216587,14.6684103012085,,17.273,High Income
BRN,2000,37509.5983847742,13.4959297180176,0.517945468425751,18.032,High Income
BRN,1999,37045.9342568638,13.0251398086548,,18.716,High Income
BRN,1998,36331.1813349886,10.6331796646118,0.531829595565796,17.911,High Income
BRN,1997,39820.2107524086,,,20.235,High Income
BRN,1996,38331.6576177026,,0.816034913063049,19.989,High Income
BRN,1995,39274.4980204335,,,20.207,High Income
BRN,1994,39721.4345352129,6.15674018859863,,18.63,High Income
BRN,1993,40342.0504065212,5.81064987182617,,21.126,High Income
BRN,1992,41672.3708419389,5.49680995941162,,24.712,High Income
BRN,1991,44201.1394947727,,,25.994,High Income
BRN,1990,44179.827869454,,,19.618,High Income
CAN,2020,42366.1285377884,75.2389068603516,1.61910331249237,13.733,High Income
CAN,2019,45100.2915069262,73.1128768920898,1.71977615356445,15.325,High Income
CAN,2018,44907.3436912123,69.3507232666016,1.71514165401459,15.42,High Income
CAN,2017,44339.3886689254,70.2687072753906,1.76343929767609,15.395,High Income
CAN,2016,43551.3425975115,69.2459411621094,1.8009147644043,15.231,High Income
CAN,2015,43594.1941045394,67.2690963745117,1.8071414232254,15.655,High Income
CAN,2014,43643.2356440047,67.1677017211914,1.88629722595215,15.854,High Income
CAN,2013,42851.170527104,65.7477188110352,1.74750757217407,16.11,High Income
CAN,2012,42320.6431330726,63.603271484375,1.75642120838165,16.086,High Income
CAN,2011,42043.6419795513,63.1586990356445,1.72711992263794,16.288,High Income
CAN,2010,41164.3399119626,61.8845901489258,1.79859042167664,16.209,High Income
CAN,2009,40376.4153847836,63.6236991882324,1.7967267036438,15.997,High Income
CAN,2008,42067.5687072607,64.3074111938477,1.79639303684235,17.167,High Income
CAN,2007,42106.8724378248,63.8298110961914,1.79710018634796,17.828,High Income
CAN,2006,41663.5123057295,,1.80108332633972,17.287,High Income
CAN,2005,41006.2229523971,,1.65014719963074,17.583,High Income
CAN,2004,40108.7587456658,,1.68714725971222,17.935,High Income
CAN,2003,39270.0234577749,,1.69705653190613,18.255,High Income
CAN,2002,38921.6673033743,58.4131507873535,1.66139602661133,17.893,High Income
CAN,2001,38200.456120621,,,17.908,High Income
CAN,2000,37906.8601321366,58.5191192626953,1.66548609733582,18.344,High Income
CAN,1999,36391.535343959,,,17.774,High Income
CAN,1998,34894.6134264056,,1.71499538421631,17.462,High Income
CAN,1997,33867.0079071879,,,17.366,High Income
CAN,1996,32801.3018574024,,1.64725470542908,17.058,High Income
CAN,1995,32595.4515150443,,,16.678,High Income
CAN,1994,32074.1562636226,,,16.415,High Income
CAN,1993,31032.7546058282,,,16.096,High Income
CAN,1992,30563.3788132238,,,16.259,High Income
CAN,1991,30654.3331550624,,,15.974,High Income
CAN,1990,31700.5462613508,,,16.482,High Income
CHE,2020,84637.0132935333,68.0676422119141,1.77689027786255,3.975,High Income
CHE,2019,87123.6604234257,66.3093414306641,1.86265933513641,4.293,High Income
CHE,2018,86756.6022327472,64.3533935546875,1.88756000995636,4.338,High Income
CHE,2017,84967.5886498224,62.4597206115723,1.88867199420929,4.523,High Income
CHE,2016,84611.0998672721,61.1939888000488,1.90616285800934,4.684,High Income
CHE,2015,83806.4476003837,60.8185615539551,1.90928101539612,4.678,High Income
CHE,2014,83394.3712888211,58.0650596618652,1.99025726318359,4.792,High Income
CHE,2013,82479.9215677304,56.1812400817871,1.79604589939117,5.337,High Income
CHE,2012,81964.8864937809,54.835620880127,1.81180202960968,5.281,High Income
CHE,2011,81874.3362425008,53.1352806091309,1.72214198112488,5.177,High Income
CHE,2010,81315.4228307049,52.8040618896484,1.74979496002197,5.755,High Income
CHE,2009,79585.5216989959,50.3034515380859,1.74314093589783,5.625,High Income
CHE,2008,82481.0680560935,49.6888809204102,1.80470788478851,5.85,High Income
CHE,2007,81254.1701015272,47.8155517578125,1.82794570922852,5.746,High Income
CHE,2006,78893.8078199046,46.2847785949707,1.80377161502838,6.066,High Income
CHE,2005,76282.9840696619,45.2465286254883,1.90166938304901,6.159,High Income
CHE,2004,74718.6836260364,44.8805198669434,1.88619542121887,6.125,High Income
CHE,2003,73254.9529864219,43.0505409240723,1.89939785003662,6.089,High Income
CHE,2002,73824.3849167809,39.9602890014648,1.91821336746216,5.972,High Income
CHE,2001,74439.4637644735,39.2238006591797,,6.239,High Income
CHE,2000,73749.9389517966,38.1127586364746,1.94582056999207,6.072,High Income
CHE,1999,71341.3428665645,,,6.221,High Income
CHE,1998,70510.0256437591,,1.9275484085083,6.276,High Income
CHE,1997,68640.0745320635,,,6.072,High Income
CHE,1996,67284.1091695976,,1.93155193328857,6.237,High Income
CHE,1995,67264.9113311617,,,6.166,High Income
CHE,1994,67391.8444211439,,,6.101,High Income
CHE,1993,67079.4643937643,,,6.286,High Income
CHE,1992,67778.5475359796,,,6.693,High Income
CHE,1991,68559.9382296082,,,6.787,High Income
CHE,1990,70063.8517086247,,,6.576,High Income
CHI,2020,58636.7036143365,,,,High Income
CHI,2019,64594.5213908684,,,,High Income
CHI,2018,63859.9826096615,,,,High Income
CHI,2017,63393.3938698644,,,,High Income
CHI,2016,62434.1859444218,,,,High Income
CHI,2015,61847.8212238857,,,,High Income
CHI,2014,61892.8083445708,,,,High Income
CHI,2013,60780.669022098,,,,High Income
CHI,2012,60861.9006460501,,,,High Income
CHI,2011,65006.4871287216,,,,High Income
CHI,2010,64722.9832990297,,,,High Income
CHI,2009,67617.8205403696,,,,High Income
CHL,2020,12679.024004022,89.1124877929688,0.930162131786346,4.139,High Income
CHL,2019,13630.5935435578,92.0659713745117,0.924216628074646,4.791,High Income
CHL,2018,13763.0068844795,91.1974792480469,0.940260529518127,4.469,High Income
CHL,2017,13473.3458532934,89.921989440918,0.981475472450256,4.533,High Income
CHL,2016,13505.097711133,88.8458862304688,0.96039354801178,4.612,High Income
CHL,2015,13433.9202987032,86.4181137084961,1.21972906589508,4.531,High Income
CHL,2014,13285.9540361192,83.6629791259766,1.34870362281799,4.343,High Income
CHL,2013,13182.7329619856,79.8703384399414,1.25513780117035,4.621,High Income
CHL,2012,12882.834417927,75.0770721435547,1.28765678405762,4.545,High Income
CHL,2011,12252.8441074615,70.8241806030273,1.26333856582642,4.499,High Income
CHL,2010,11649.2897090856,66.3445205688477,1.22541570663452,4.153,High Income
CHL,2009,11116.4093443103,59.9912910461426,1.19409048557281,3.878,High Income
CHL,2008,11356.0922105983,56.7743988037109,1.21035730838776,4.19,High Income
CHL,2007,11051.3450717678,54.7230491638184,1.19518756866455,4.227,High Income
CHL,2006,10611.6144012877,49.3216896057129,1.18129122257233,3.88,High Income
CHL,2005,10104.4208391373,50.2735595703125,1.21021103858948,3.738,High Income
CHL,2004,9642.37478651228,44.3284606933594,1.16569674015045,3.658,High Income
CHL,2003,9130.7842621819,43.5181999206543,1.17721080780029,3.438,High Income
CHL,2002,8810.69052712257,40.2664985656738,1.25724005699158,3.458,High Income
CHL,2001,8632.0148244056,,,3.374,High Income
CHL,2000,8465.35303258864,35.4313201904297,1.26092338562012,3.773,High Income
CHL,1999,8161.45168872186,,,4.009,High Income
CHL,1998,8287.45061096547,,1.09760177135468,3.785,High Income
CHL,1997,8058.94228801535,,,3.746,High Income
CHL,1996,7605.28953010603,,1.11373817920685,3.273,High Income
CHL,1995,7201.13100361441,,,2.861,High Income
CHL,1994,6688.29717704707,,,2.653,High Income
CHL,1993,6461.73217350303,,,2.418,High Income
CHL,1992,6151.76546454326,,,2.305,High Income
CHL,1991,5606.86557277047,,,2.261,High Income
CHL,1990,5290.53694835535,,,2.449,High Income
CRI,2020,12242.2098908533,,0.498832434415817,1.342,High Income
CRI,2019,12877.650101079,55.0202903747559,0.529464185237885,1.532,High Income
CRI,2018,12679.5253643016,52.6140899658203,0.467835366725922,1.607,High Income
CRI,2017,12468.5654531709,54.4492301940918,0.42886871099472,1.626,High Income
CRI,2016,12084.4351325634,51.6516418457031,0.431041657924652,1.609,High Income
CRI,2015,11714.7105980732,51.2845802307129,0.492798924446106,1.526,High Income
CRI,2014,11422.6735793176,50.3342781066895,0.583374798297882,1.616,High Income
CRI,2013,11151.1437869768,47.5057106018066,0.563855290412903,1.608,High Income
CRI,2012,11001.5192856576,46.6885414123535,0.528911471366882,1.547,High Income
CRI,2011,10612.4694861141,44.6711883544922,0.443259000778198,1.578,High Income
CRI,2010,10285.0856660419,,0.535760879516602,1.638,High Income
CRI,2009,9883.67567046297,,0.578809499740601,1.71,High Income
CRI,2008,10104.9092039691,,0.453689336776733,1.787,High Income
CRI,2007,9779.51149389818,,0.354344755411148,1.805,High Income
CRI,2006,9160.29437453236,,0.38971409201622,1.614,High Income
CRI,2005,8655.33965418585,,0.497263669967651,1.563,High Income
CRI,2004,8445.52914945791,25.8056793212891,0.50290322303772,1.618,High Income
CRI,2003,8207.45746763047,,0.526866555213928,1.583,High Income
CRI,2002,7989.55926102157,,0.554997205734253,1.525,High Income
CRI,2001,7854.2339580182,,,1.406,High Income
CRI,2000,7726.51985682031,,0.537079811096191,1.363,High Income
CRI,1999,7584.42136977783,,,1.402,High Income
CRI,1998,7430.1724106288,,0.633012652397156,1.378,High Income
CRI,1997,7085.98834302225,,,1.324,High Income
CRI,1996,6871.60941046409,,0.618176877498627,1.291,High Income
CRI,1995,6940.83702069434,,,1.355,High Income
CRI,1994,6826.32273425801,,,1.503,High Income
CRI,1993,6693.49083166149,,,1.153,High Income
CRI,1992,6408.20531541453,,,1.137,High Income
CRI,1991,6018.68283701715,,,1.025,High Income
CRI,1990,6037.05111668102,,,0.932,High Income
CUW,2020,14849.9696941839,,,10.852,High Income
CUW,2019,17980.5297947929,,,12.641,High Income
CUW,2018,18355.1765793615,,,23.809,High Income
CUW,2017,18651.4796966993,,,29.482,High Income
CUW,2016,18953.0538552203,,,36.97,High Income
CUW,2015,19361.8129630226,,,44.002,High Income
CUW,2014,19529.5285930905,,,41.182,High Income
CUW,2013,19921.4771792975,23.0842005676443,,36.366,High Income
CUW,2012,20277.5112566223,,,39.076,High Income
CUW,2011,20518.0985782641,,,32.452,High Income
CUW,2010,20706.437408421,,,25.713,High Income
CUW,2009,20952.8997952543,,,37.58,High Income
CUW,2008,21202.4304610307,,,36.975,High Income
CUW,2007,21011.1570121301,,,38.72,High Income
CUW,2006,20913.6629896021,,,34.655,High Income
CUW,2005,21112.3218717015,,,33.514,High Income
CUW,2004,21512.1115522523,,,34.157,High Income
CUW,2003,21840.8912647914,,,32.969,High Income
CUW,2002,22231.8792561824,,,33.401,High Income
CUW,2001,22171.0654932071,,,34.922,High Income
CUW,2000,21523.645846078,,,34.11,High Income
AFG,2020,527.834554499306,10.85435962677,-1.83140671253204,0.285,Low-Middle Income
AFG,2019,557.861533207459,,-1.74210047721863,0.275,Low-Middle Income
AFG,2018,553.125151688293,9.99592018127441,-1.68912386894226,0.277,Low-Middle Income
AFG,2017,562.769574140988,,-1.58117640018463,0.261,Low-Middle Income
AFG,2016,563.872336723147,,-1.52253365516663,0.248,Low-Middle Income
AFG,2015,565.569730408751,,-1.51620066165924,0.277,Low-Middle Income
AFG,2014,575.146245808546,8.39764022827148,-1.4377019405365,0.265,Low-Middle Income
AFG,2013,580.603833333096,,-1.60975515842438,0.281,Low-Middle Income
AFG,2012,568.929021458341,,-1.6518931388855,0.318,Low-Middle Income
AFG,2011,525.42698276582,3.68686008453369,-1.9225001335144,0.389,Low-Middle Income
AFG,2010,542.871030476037,,-1.87005805969238,0.296,Low-Middle Income
AFG,2009,488.830652491949,3.93815994262695,-1.87611877918243,0.233,Low-Middle Income
AFG,2008,417.647282647498,,-1.90330755710602,0.161,Low-Middle Income
AFG,2007,410.757728879097,,-1.85256004333496,0.108,Low-Middle Income
AFG,2006,367.75831169358,,-1.87900483608246,0.085,Low-Middle Income
AFG,2005,363.640141436773,,-1.66296553611755,0.077,Low-Middle Income
AFG,2004,338.637273888197,1.39064002037048,-1.6939252614975,0.053,Low-Middle Income
AFG,2003,346.071627096223,1.37434995174408,-1.5582937002182,0.069,Low-Middle Income
AFG,2002,338.139973643387,,-1.67347323894501,0.063,Low-Middle Income
AFG,2001,277.118051443941,,,0.053,Low-Middle Income
AFG,2000,308.318269746638,,-1.78066074848175,0.052,Low-Middle Income
AGO,2020,2864.16146036893,,-0.951058804988861,0.495,Low-Middle Income
AGO,2019,3083.97534427357,,-1.02354824542999,0.686,Low-Middle Income
AGO,2018,3196.79006983557,,-1.00106203556061,0.744,Low-Middle Income
AGO,2017,3328.8982124109,,-1.03998208045959,0.781,Low-Middle Income
AGO,2016,3454.03317187119,9.78287696232453,-1.00395023822784,0.873,Low-Middle Income
AGO,2015,3641.72893919944,8.78320868033121,-1.03065872192383,0.977,Low-Middle Income
AGO,2014,3746.81619978613,,-1.07495403289795,0.961,Low-Middle Income
AGO,2013,3716.29718727282,9.22339720175662,-1.29094779491425,0.983,Low-Middle Income
AGO,2012,3682.35229322763,,-1.30477690696716,1.03,Low-Middle Income
AGO,2011,3528.16824373399,6.44004138280629,-1.27705323696136,0.966,Low-Middle Income
AGO,2010,3540.79159568381,,-1.27295327186584,0.987,Low-Middle Income
AGO,2009,3494.80724466172,,-1.23628926277161,0.922,Low-Middle Income
AGO,2008,3559.19522512236,,-1.37856388092041,0.869,Low-Middle Income
AGO,2007,3336.36332465208,,-1.3751335144043,0.846,Low-Middle Income
AGO,2006,3065.05576243895,2.55977010726929,-1.31127274036407,0.857,Low-Middle Income
AGO,2005,2843.3966357968,2.6385600566864,-1.46479499340057,0.798,Low-Middle Income
AGO,2004,2583.32411461288,2.14597010612488,-1.52091634273529,0.915,Low-Middle Income
AGO,2003,2403.40415157038,2.87620997428894,-1.48285591602325,0.974,Low-Middle Income
AGO,2002,2404.97792071531,0.783640027046204,-1.63334381580353,0.928,Low-Middle Income
AGO,2001,2189.17352158246,,,0.95,Low-Middle Income
AGO,2000,2172.46326720494,,-1.60150170326233,0.988,Low-Middle Income
AGO,1999,2179.06426975438,0.554629981517792,,1.102,Low-Middle Income
AGO,1998,2203.98692701325,0.613650023937225,-1.52733862400055,1.089,Low-Middle Income
AGO,1997,2176.87757986492,,,1.083,Low-Middle Income
AGO,1996,2099.35045384819,,-1.63046932220459,1.076,Low-Middle Income
AGO,1995,1912.51777523397,,,0.921,Low-Middle Income
AGO,1994,1719.54294465223,,,0.857,Low-Middle Income
AGO,1993,1752.72318662558,,,0.448,Low-Middle Income
AGO,1992,2380.58274213388,0.573329985141754,,0.416,Low-Middle Income
AGO,1991,2612.33170523819,0.60505998134613,,0.421,Low-Middle Income
AGO,1990,2675.05239370666,0.594919979572296,,0.438,Low-Middle Income
ALB,2020,4980.61699524696,61.5853024328899,-0.378028213977814,1.694,Low-Middle Income
ALB,2019,5072.43648354739,61.4085141527142,-0.426317363977432,1.712,Low-Middle Income
ALB,2018,4893.82375538717,56.0802964109938,-0.414752036333084,1.795,Low-Middle Income
ALB,2017,4648.23078660658,58.0177836674929,-0.414191573858261,1.844,Low-Middle Income
ALB,2016,4431.55635814168,58.4884791901189,-0.322631984949112,1.572,Low-Middle Income
ALB,2015,4199.53912925398,61.9608485481051,-0.31968680024147,1.626,Low-Middle Income
ALB,2014,4045.11934884933,65.5507096860696,-0.311199098825455,2.091,Low-Middle Income
ALB,2013,3895.89975621942,63.8440585382953,-0.518828868865967,1.839,Low-Middle Income
ALB,2012,3771.84781862015,58.6214186004979,-0.519839763641357,1.694,Low-Middle Income
ALB,2011,3677.89457937717,49.3997040639925,-0.442926466464996,1.778,Low-Middle Income
ALB,2010,3579.82413181046,43.3279304504395,-0.385760486125946,1.645,Low-Middle Income
ALB,2009,3459.24695646692,32.9239883422852,-0.49437016248703,1.476,Low-Middle Income
ALB,2008,3345.98161761476,31.6839599609375,-0.600079298019409,1.486,Low-Middle Income
ALB,2007,3105.8796756386,30.2319297790527,-0.661545991897583,1.324,Low-Middle Income
ALB,2006,2894.36032580174,26.2101001739502,-0.703135848045349,1.282,Low-Middle Income
ALB,2005,2712.86983830331,22.389009475708,-0.763833165168762,1.385,Low-Middle Income
ALB,2004,2567.29763687121,19.1295795440674,-0.701032340526581,1.348,Low-Middle Income
ALB,2003,2428.68934653563,16.3662395477295,-0.716323494911194,1.38,Low-Middle Income
ALB,2002,2297.10853513924,16.3895606994629,-0.762321412563324,1.196,Low-Middle Income
ALB,2001,2188.91854451375,,,1.023,Low-Middle Income
ALB,2000,1991.91435867116,,-1.02066767215729,0.955,Low-Middle Income
ALB,1999,1841.80762760566,,,0.937,Low-Middle Income
ALB,1998,1630.43874131845,,-0.929671704769135,0.547,Low-Middle Income
ALB,1997,1495.90035328523,,,0.478,Low-Middle Income
ALB,1996,1683.76965547424,,-0.684481799602509,0.622,Low-Middle Income
ALB,1995,1558.96638565461,,,0.641,Low-Middle Income
ALB,1994,1367.22058963712,,,0.588,Low-Middle Income
ALB,1993,1254.67888414888,,,0.713,Low-Middle Income
ALB,1992,1138.23773998809,,,0.767,Low-Middle Income
ALB,1991,1218.96427317362,,,1.307,Low-Middle Income
ALB,1990,1682.8810874018,,,1.684,Low-Middle Income
ARG,2020,11393.0505957877,99.3697348717996,-0.486265957355499,3.643,Low-Middle Income
ARG,2019,12706.3978108968,95.1928240640628,-0.427360445261002,4.012,Low-Middle Income
ARG,2018,13058.3285449954,91.0846512732766,-0.219330430030823,4.087,Low-Middle Income
ARG,2017,13520.1129846159,89.3297346952415,-0.237312033772469,4.224,Low-Middle Income
ARG,2016,13265.8860639123,86.6743832906399,-0.320159524679184,4.328,Low-Middle Income
ARG,2015,13679.6264980954,83.75569332589,-0.74863588809967,4.412,Low-Middle Income
ARG,2014,13456.1319159151,81.072589697739,-0.866627335548401,4.382,Low-Middle Income
ARG,2013,13946.0950832252,78.5681646081939,-0.656328618526459,4.451,Low-Middle Income
ARG,2012,13754.4254235596,78.1465174294761,-0.623034238815308,4.547,Low-Middle Income
ARG,2011,14040.6189124444,77.0101185060955,-0.563123285770416,4.55,Low-Middle Income
ARG,2010,13387.1553748458,73.803669361107,-0.59809422492981,4.508,Low-Middle Income
ARG,2009,12285.3784651865,70.6931915283203,-0.694468080997467,4.366,Low-Middle Income
ARG,2008,13197.3570267029,68.5610733032227,-0.699731647968292,4.641,Low-Middle Income
ARG,2007,12811.9021206578,66.6672210693359,-0.60147225856781,4.342,Low-Middle Income
ARG,2006,11870.2791559298,66.9444732666016,-0.57701563835144,4.4,Low-Middle Income
ARG,2005,11099.7509190602,63.4893112182617,-0.557991087436676,4.124,Low-Middle Income
ARG,2004,10302.4465316428,64.5891418457031,-0.767380177974701,4.051,Low-Middle Income
ARG,2003,9545.53194119994,64.0304870605469,-0.777115821838379,3.498,Low-Middle Income
ARG,2002,8861.56199282278,61.7228813171387,-0.761098086833954,3.285,Low-Middle Income
ARG,2001,10051.9448463043,58.4697608947754,,3.588,Low-Middle Income
ARG,2000,10631.6503639029,54.0843505859375,-0.214404493570328,3.852,Low-Middle Income
ARG,1999,10838.3199346387,49.5107002258301,,4.032,Low-Middle Income
ARG,1998,11348.2022124673,47.9862289428711,-0.0388815775513649,3.835,Low-Middle Income
ARG,1997,11056.6881331002,,,3.8,Low-Middle Income
ARG,1996,10352.1400002191,,0.0755526423454285,3.701,Low-Middle Income
ARG,1995,9934.10776139515,,,3.576,Low-Middle Income
ARG,1994,10359.8927204871,37.3899002075195,,3.424,Low-Middle Income
ARG,1993,9920.67358582437,,,3.456,Low-Middle Income
ARG,1992,9293.18692251748,,,3.606,Low-Middle Income
ARG,1991,8729.82318518892,38.3296699523926,,3.543,Low-Middle Income
ARG,1990,8115.09386370753,,,3.425,Low-Middle Income
ARM,2020,4032.09043454955,52.3331534448642,-0.125831425189972,2.351,Low-Middle Income
ARM,2019,4343.45839583019,53.5944174785534,-0.177464514970779,2.164,Low-Middle Income
ARM,2018,4027.83393010979,57.4585357681354,-0.197214365005493,2.001,Low-Middle Income
ARM,2017,3815.3747426037,55.5065519523494,-0.209393918514252,1.899,Low-Middle Income
ARM,2016,3533.88503607007,54.3432877365993,-0.160894498229027,1.784,Low-Middle Income
ARM,2015,3512.39350276709,48.7313687040259,-0.462551325559616,1.872,Low-Middle Income
ARM,2014,3393.09252326884,47.7150849538629,-0.417726755142212,1.918,Low-Middle Income
ARM,2013,3266.29882999873,44.8347790892711,-0.340888947248459,1.894,Low-Middle Income
ARM,2012,3159.75860786889,44.4855719494927,-0.418281972408295,1.967,Low-Middle Income
ARM,2011,2943.83687119315,51.2949290708131,-0.437706410884857,1.7,Low-Middle Income
ARM,2010,2796.08143428043,50.5839875932926,-0.48135831952095,1.452,Low-Middle Income
ARM,2009,2716.97436280471,49.0897102355957,-0.468710690736771,1.481,Low-Middle Income
ARM,2008,3141.33193500774,46.5244903564453,-0.337751358747482,1.883,Low-Middle Income
ARM,2007,2919.3734936373,44.4558410644531,-0.496518045663834,1.714,Low-Middle Income
ARM,2006,2551.43546358452,41.5903587341309,-0.544567346572876,1.472,Low-Middle Income
ARM,2005,2240.09273209788,37.7094497680664,-0.388776749372482,1.456,Low-Middle Income
ARM,2004,1955.22262459229,35.8360900878906,-0.481950610876083,1.221,Low-Middle Income
ARM,2003,1759.64684829386,35.0657081604004,-0.302864640951157,1.137,Low-Middle Income
ARM,2002,1535.20452885187,33.9618911743164,-0.438531368970871,1.007,Low-Middle Income
ARM,2001,1351.12072694555,31.3409194946289,,1.145,Low-Middle Income
ARM,2000,1229.21510436102,32.5305213928223,-0.50101625919342,1.117,Low-Middle Income
ARM,1999,1180.45341995952,32.2853813171387,,0.96,Low-Middle Income
ARM,1998,1128.09888845227,31.5830402374268,-0.380856782197952,1.066,Low-Middle Income
ARM,1997,1039.0798243009,21.8644905090332,,1.002,Low-Middle Income
ARM,1996,995.728275319872,16.6888809204102,-0.469098508358002,0.763,Low-Middle Income
ARM,1995,932.357829471807,19.5058898925781,,1.017,Low-Middle Income
ARM,1994,857.394474812969,19.1631298065186,,0.798,Low-Middle Income
ARM,1993,792.567859246381,22.5643806457519,,0.727,Low-Middle Income
ARM,1992,840.205259177402,22.9340400695801,,1.602,Low-Middle Income
ARM,1991,1426.82791357144,23.5778503417969,,2.043,Low-Middle Income
ARM,1990,1644.02214502158,22.0238304138184,,2.535,Low-Middle Income
AZE,2020,5087.50022783627,36.3854742250215,-0.729642748832703,3.559,Low-Middle Income
AZE,2019,5346.95318604114,32.9221812477847,-0.610428035259247,3.734,Low-Middle Income
AZE,2018,5261.92938234432,28.9724903670069,-0.619800806045532,3.444,Low-Middle Income
AZE,2017,5229.25259993413,28.4670565431322,-0.58492249250412,3.481,Low-Middle Income
AZE,2016,5272.71817141861,27.2368629930846,-0.539356291294098,3.519,Low-Middle Income
AZE,2015,5500.50364628486,25.4831961094662,-0.716544568538666,3.556,Low-Middle Income
AZE,2014,5508.60265612676,23.1597349800287,-0.697012007236481,3.566,Low-Middle Income
AZE,2013,5425.99559780578,21.4404253568261,-0.756260693073273,3.531,Low-Middle Income
AZE,2012,5193.17501119552,20.4384614704139,-0.879532694816589,3.495,Low-Middle Income
AZE,2011,5149.20665913206,19.6473062365442,-0.938726484775543,3.264,Low-Middle Income
AZE,2010,5300.11048729062,19.2600431394615,-0.891145050525665,3.012,Low-Middle Income
AZE,2009,5118.43395494687,19.057710647583,-0.879176020622253,3.217,Low-Middle Income
AZE,2008,4778.12452736673,19.0478897094727,-0.836160480976105,3.694,Low-Middle Income
AZE,2007,4412.20326117932,19.3645992279053,-0.880020380020142,3.402,Low-Middle Income
AZE,2006,3556.83212858133,19.7894592285156,-0.885929226875305,3.963,Low-Middle Income
AZE,2005,2674.3688564996,,-0.792612433433533,3.977,Low-Middle Income
AZE,2004,2111.4533834475,,-0.900518476963043,3.799,Low-Middle Income
AZE,2003,1949.60608417331,,-0.884644746780396,3.629,Low-Middle Income
AZE,2002,1782.47319183639,,-0.964197218418121,3.431,Low-Middle Income
AZE,2001,1640.93664540398,,,3.444,Low-Middle Income
AZE,2000,1504.73106706035,,-1.14563620090485,3.641,Low-Middle Income
AZE,1999,1365.56585147028,,,3.558,Low-Middle Income
AZE,1998,1282.68413749503,,-1.12161064147949,3.96,Low-Middle Income
AZE,1997,1177.19685990232,,,3.76,Low-Middle Income
AZE,1996,1123.44793844504,,-1.20116150379181,3.99,Low-Middle Income
AZE,1995,1120.30867792344,,,4.315,Low-Middle Income
AZE,1994,1284.95555073458,,,5.513,Low-Middle Income
AZE,1993,1621.91809395607,,,6.451,Low-Middle Income
AZE,1992,2141.34003837017,,,7.585,Low-Middle Income
AZE,1991,2808.72744444906,,,6.846,Low-Middle Income
AZE,1990,2866.41060718579,,,7.101,Low-Middle Income
BDI,2020,263.463876356897,,-1.34065091609955,0.059,Low-Middle Income
BDI,2019,270.411005710809,,-1.45362734794617,0.056,Low-Middle Income
BDI,2018,267.508692172687,4.55281922933846,-1.51381993293762,0.054,Low-Middle Income
BDI,2017,261.725839288764,4.30528005798307,-1.41100382804871,0.045,Low-Middle Income
BDI,2016,258.061970808946,3.97908916361797,-1.48439371585846,0.038,Low-Middle Income
BDI,2015,254.402585226788,5.25856537918645,-1.18589973449707,0.032,Low-Middle Income
BDI,2014,261.296721752002,4.46892058042299,-0.970566868782043,0.033,Low-Middle Income
BDI,2013,259.311117203355,3.70341642841244,-1.07663321495056,0.042,Low-Middle Income
BDI,2012,256.180393931874,2.92052732762984,-1.08392977714539,0.039,Low-Middle Income
BDI,2011,254.242110648215,,-1.15380430221558,0.043,Low-Middle Income
BDI,2010,253.308577749924,3.05528938002435,-1.20540106296539,0.036,Low-Middle Income
BDI,2009,252.582019875886,2.6779100894928,-1.15993535518646,0.024,Low-Middle Income
BDI,2008,256.012461554496,2.49793004989624,-1.03810000419617,0.024,Low-Middle Income
BDI,2007,254.311725516331,2.26625990867615,-1.0786669254303,0.023,Low-Middle Income
BDI,2006,255.105582251925,2.16554999351502,-0.983238279819489,0.024,Low-Middle Income
BDI,2005,250.878933475935,2.13503003120422,-1.12846672534943,0.021,Low-Middle Income
BDI,2004,258.050009115333,2.10109996795654,-1.47995054721832,0.027,Low-Middle Income
BDI,2003,255.500823385612,,-1.48403012752533,0.024,Low-Middle Income
BDI,2002,266.968141648342,1.60111999511719,-1.39800202846527,0.031,Low-Middle Income
BDI,2001,262.913885774384,1.03059995174408,,0.031,Low-Middle Income
BDI,2000,264.154407180223,1.05474996566773,-1.56851708889008,0.042,Low-Middle Income
BDI,1999,272.030864788973,0.916909992694855,,0.04,Low-Middle Income
BDI,1998,281.470892716422,0.864509999752045,-1.37878561019897,0.04,Low-Middle Income
BDI,1997,273.889548332896,,,0.041,Low-Middle Income
BDI,1996,278.293479866983,,-1.41612029075623,0.04,Low-Middle Income
BDI,1995,302.701844524604,,,0.039,Low-Middle Income
BDI,1994,349.016249237768,,,0.041,Low-Middle Income
BDI,1993,365.282012271705,0.828920006752014,,0.04,Low-Middle Income
BDI,1992,377.518319697874,0.786339998245239,,0.037,Low-Middle Income
BDI,1991,383.870358589191,0.755699992179871,,0.042,Low-Middle Income
BDI,1990,373.245241687992,0.681379973888397,,0.037,Low-Middle Income
BEN,2020,1126.65404122154,10.3808002471924,-0.76691859960556,0.424,Low-Middle Income
BEN,2019,1114.17304526443,10.3906803131103,-0.675484120845795,0.414,Low-Middle Income
BEN,2018,1071.50452156932,11.5739097595215,-0.692261755466461,0.458,Low-Middle Income
BEN,2017,1032.90471194182,11.337929725647,-0.645502924919128,0.461,Low-Middle Income
BEN,2016,1006.03926633023,11.9529895782471,-0.627077043056488,0.454,Low-Middle Income
BEN,2015,1002.41886879614,12.4851799011231,-0.555592477321625,0.468,Low-Middle Income
BEN,2014,1014.4330062135,14.6916198730469,-0.485574275255203,0.433,Low-Middle Income
BEN,2013,982.399206290516,14.7752199172974,-0.568178832530975,0.426,Low-Middle Income
BEN,2012,943.918771531001,12.8605403900147,-0.574936270713806,0.423,Low-Middle Income
BEN,2011,927.716412836707,11.8088598251343,-0.658945083618164,0.444,Low-Middle Income
BEN,2010,928.246655329144,12.6081895828247,-0.673685908317566,0.478,Low-Middle Income
BEN,2009,936.565651071554,9.3462495803833,-0.65431421995163,0.444,Low-Middle Income
BEN,2008,943.203380303862,7.34216022491455,-0.530703067779541,0.425,Low-Middle Income
BEN,2007,926.740113754071,7.43086004257202,-0.51314514875412,0.439,Low-Middle Income
BEN,2006,900.62053578735,6.20295000076294,-0.53156977891922,0.385,Low-Middle Income
BEN,2005,893.91536869992,5.41120004653931,-0.534019768238068,0.295,Low-Middle Income
BEN,2004,907.624431209378,5.47938013076782,-0.47660157084465,0.318,Low-Middle Income
BEN,2003,896.146763201736,5.43203020095825,-0.425706028938293,0.303,Low-Middle Income
BEN,2002,893.137100961634,4.92833995819092,-0.260578572750092,0.275,Low-Middle Income
BEN,2001,879.854463773645,4.20038986206055,,0.227,Low-Middle Income
BEN,2000,861.213292013209,3.49604988098144,-0.181523725390434,0.204,Low-Middle Income
BEN,1999,838.976786975768,3.09658002853394,,0.209,Low-Middle Income
BEN,1998,821.459971433599,,0.0505506321787834,0.164,Low-Middle Income
BEN,1997,814.901395438676,2.43330001831055,,0.186,Low-Middle Income
BEN,1996,793.7950526962,1.99114000797272,0.0523155070841312,0.185,Low-Middle Income
BEN,1995,781.0647884601,1.97397005558014,,0.154,Low-Middle Income
BEN,1994,752.277508740764,1.89841997623444,,0.15,Low-Middle Income
BEN,1993,765.479914438342,1.94243001937866,,0.137,Low-Middle Income
BEN,1992,756.080888165851,2.13378000259399,,0.119,Low-Middle Income
BEN,1991,757.403145107877,2.25591993331909,,0.114,Low-Middle Income
BEN,1990,749.459666582926,1.9679399728775,,0.11,Low-Middle Income
BFA,2020,713.8421779224,7.64277062242324,-0.468718588352203,0.262,Low-Middle Income
BFA,2019,717.021595096634,6.90532594926159,-0.463833779096603,0.268,Low-Middle Income
BFA,2018,694.492813126351,6.31826110291158,-0.459257543087006,0.256,Low-Middle Income
BFA,2017,669.276310328333,5.8341880408112,-0.414963334798813,0.232,Low-Middle Income
BFA,2016,648.420480176012,5.40541465878063,-0.4552983045578,0.206,Low-Middle Income
BFA,2015,630.124750752312,4.90356866333498,-0.541128635406494,0.199,Low-Middle Income
BFA,2014,624.576885187665,4.89539917725699,-0.545770764350891,0.157,Low-Middle Income
BFA,2013,616.741331164082,4.57338342077701,-0.526729941368103,0.159,Low-Middle Income
BFA,2012,600.731343697818,4.33792685706514,-0.425855100154877,0.152,Low-Middle Income
BFA,2011,581.603658737407,3.91906920981907,-0.350398898124695,0.129,Low-Middle Income
BFA,2010,561.847221302489,3.34944579587797,-0.194905057549477,0.123,Low-Middle Income
BFA,2009,533.470084831931,3.26682996749878,-0.20417246222496,0.117,Low-Middle Income
BFA,2008,533.471299938288,2.92968010902405,-0.344681531190872,0.119,Low-Middle Income
BFA,2007,519.26101218434,2.40549993515015,-0.395825952291489,0.109,Low-Middle Income
BFA,2006,514.113131757062,2.25787997245789,-0.433823466300964,0.085,Low-Middle Income
BFA,2005,499.192797571217,2.14314007759094,-0.500521123409271,0.079,Low-Middle Income
BFA,2004,474.086412333459,,-0.535743415355682,0.082,Low-Middle Income
BFA,2003,468.263047790124,1.50508999824524,-0.624177575111389,0.091,Low-Middle Income
BFA,2002,448.128856317091,1.34107005596161,-0.799848556518555,0.084,Low-Middle Income
BFA,2001,442.914122870048,1.11434996128082,,0.087,Low-Middle Income
BFA,2000,428.309796566198,,-0.732384085655212,0.078,Low-Middle Income
BFA,1999,433.104727597234,0.983640015125275,,0.09,Low-Middle Income
BFA,1998,415.273513470241,,-0.912859261035919,0.075,Low-Middle Income
BFA,1997,397.838955257373,0.968949973583221,,0.07,Low-Middle Income
BFA,1996,383.973583031147,1.05685997009277,-0.933221638202667,0.068,Low-Middle Income
BFA,1995,354.841188502861,1.1000200510025,,0.064,Low-Middle Income
BFA,1994,344.371184069503,1.05731999874115,,0.065,Low-Middle Income
BFA,1993,348.581211032689,1.0837299823761,,0.064,Low-Middle Income
BFA,1992,345.401816823349,0.928770005702972,,0.066,Low-Middle Income
BFA,1991,353.206720757378,0.695360004901886,,0.068,Low-Middle Income
BFA,1990,332.153276660935,0.744490027427673,,0.065,Low-Middle Income
BGD,2020,1604.6659234742,22.6923019564501,-0.565531194210052,0.576,Low-Middle Income
BGD,2019,1564.20802445636,22.7094642473405,-0.643474996089935,0.575,Low-Middle Income
BGD,2018,1462.25050255713,19.5710492453779,-0.649216711521149,0.53,Low-Middle Income
BGD,2017,1373.75363740186,18.5175604399834,-0.679660320281982,0.534,Low-Middle Income
BGD,2016,1299.83091360792,17.3985207411042,-0.669500529766083,0.508,Low-Middle Income
BGD,2015,1224.38647668165,15.5739926180902,-0.769605338573456,0.483,Low-Middle Income
BGD,2014,1159.40753475981,13.5777392703559,-0.782356798648834,0.428,Low-Middle Income
BGD,2013,1103.15695907123,13.4900578063704,-0.871579885482788,0.414,Low-Middle Income
BGD,2012,1050.39140404066,13.4211598649529,-0.936167359352112,0.385,Low-Middle Income
BGD,2011,995.579947155662,13.2663245348367,-0.733335554599762,0.362,Low-Middle Income
BGD,2010,943.66422864236,,-0.801013290882111,0.355,Low-Middle Income
BGD,2009,901.729626251937,10.4939298629761,-0.784571468830109,0.326,Low-Middle Income
BGD,2008,866.45815762135,8.62265968322754,-0.752373576164246,0.303,Low-Middle Income
BGD,2007,825.508229964537,7.66305017471313,-0.827155947685242,0.288,Low-Middle Income
BGD,2006,779.419570444998,7.07040023803711,-0.907564043998718,0.285,Low-Middle Income
BGD,2005,739.203718353409,6.13484001159668,-0.978551864624023,0.261,Low-Middle Income
BGD,2004,702.656357081873,5.55667018890381,-1.12248206138611,0.252,Low-Middle Income
BGD,2003,676.826252046427,5.99128007888794,-1.15194392204285,0.238,Low-Middle Income
BGD,2002,655.672139362272,5.91559982299805,-0.991601228713989,0.23,Low-Middle Income
BGD,2001,641.288922876274,6.17244005203247,,0.227,Low-Middle Income
BGD,2000,620.560472822105,5.25165987014771,-0.991129994392395,0.197,Low-Middle Income
BGD,1999,600.232323162952,5.28646993637085,,0.19,Low-Middle Income
BGD,1998,584.448175174047,,-0.935864508152008,0.179,Low-Middle Income
BGD,1997,566.271140847632,,,0.182,Low-Middle Income
BGD,1996,552.077107138767,,-0.93402373790741,0.172,Low-Middle Income
BGD,1995,537.931946643983,,,0.172,Low-Middle Income
BGD,1994,521.323144726555,,,0.146,Low-Middle Income
BGD,1993,511.193509421294,,,0.136,Low-Middle Income
BGD,1992,497.371173735323,,,0.133,Low-Middle Income
BGD,1991,480.673358976087,,,0.13,Low-Middle Income
BGD,1990,473.444821021085,4.3600001335144,,0.126,Low-Middle Income
BIH,2020,5490.75366635139,43.8039207458496,-0.316137343645096,6.314,Low-Middle Income
BIH,2019,5583.29721276458,46.6677894592285,-0.225809708237648,6.22,Low-Middle Income
BIH,2018,5360.25201017633,49.7987518310547,-0.225580662488937,6.519,Low-Middle Income
BIH,2017,5099.81602856447,54.528678894043,-0.201813697814941,6.461,Low-Middle Income
BIH,2016,4876.53471495633,56.9546089172363,-0.193005457520485,6.258,Low-Middle Income
BIH,2015,4662.25869219448,55.5336608886719,-0.264572232961655,5.247,Low-Middle Income
BIH,2014,4412.67617817734,54.1655807495117,-0.132231548428535,5.417,Low-Middle Income
BIH,2013,4306.73175072214,51.3600883483887,-0.139407932758331,6.038,Low-Middle Income
BIH,2012,4139.91732773657,44.7015495300293,-0.197178289294243,6.032,Low-Middle Income
BIH,2011,4094.25329541877,41.9769592285156,-0.331778317689896,6.351,Low-Middle Income
BIH,2010,3981.20985692032,38.5334587097168,-0.355648875236511,5.548,Low-Middle Income
BIH,2009,3877.53540078456,36.9575691223145,-0.360137552022934,5.293,Low-Middle Income
BIH,2008,3929.03297717336,34.473949432373,-0.407430082559586,5.055,Low-Middle Income
BIH,2007,3665.08966529499,30.7171401977539,-0.46990641951561,4.354,Low-Middle Income
BIH,2006,3419.75887457192,27.0378398895264,-0.496493607759476,4.279,Low-Middle Income
BIH,2005,3217.81341615345,24.1594295501709,-0.519786179065704,3.917,Low-Middle Income
BIH,2004,3063.83543448936,21.1273002624512,-0.49067422747612,3.734,Low-Middle Income
BIH,2003,2855.68314939849,18.8590297698975,-0.616845548152924,3.436,Low-Middle Income
BIH,2002,2743.13878615838,17.0357398986816,-0.656005680561066,3.384,Low-Middle Income
BIH,2001,2617.18230350812,16.782470703125,,3.173,Low-Middle Income
BIH,2000,2567.34136989735,15.3945398330688,-0.602258622646332,3.294,Low-Middle Income
BIH,1999,2452.85188366768,,,2.502,Low-Middle Income
BIH,1998,2262.0326315401,,-0.67188423871994,2.58,Low-Middle Income
BIH,1997,1974.05742700092,,,2.082,Low-Middle Income
BIH,1996,1498.00593266831,,-0.241686642169952,1.094,Low-Middle Income
BIH,1995,1013.22444955595,,,0.917,Low-Middle Income
BIH,1994,871.398491492583,,,0.86,Low-Middle Income
BIH,1993,748.150021097699,,,3.222,Low-Middle Income
BIH,1992,705.206671025908,,,3.549,Low-Middle Income
BIH,1991,715.900064392785,,,3.154,Low-Middle Income
BIH,1990,791.443970389452,,,4.467,Low-Middle Income
BLR,2020,6251.98898968645,79.900160036935,-1.08517408370972,6.323,Low-Middle Income
BLR,2019,6267.73508743505,81.2921953254514,-0.859413027763367,6.589,Low-Middle Income
BLR,2018,6165.91320019277,84.7097808751504,-0.893020570278168,6.558,Low-Middle Income
BLR,2017,5964.89668834561,89.4706479354735,-0.881673812866211,6.26,Low-Middle Income
BLR,2016,5811.20159182547,91.5206757734477,-0.767325043678284,6.126,Low-Middle Income
BLR,2015,5967.05595058777,93.7888271999214,-0.879217445850372,6.201,Low-Middle Income
BLR,2014,6212.91667418659,94.316359554493,-0.815213024616241,6.725,Low-Middle Income
BLR,2013,6115.43288098707,95.4975003100193,-0.88221949338913,6.778,Low-Middle Income
BLR,2012,6052.6373706236,93.4729592664074,-0.92303854227066,6.614,Low-Middle Income
BLR,2011,5941.68999156239,87.3373753061346,-1.11289703845978,6.477,Low-Middle Income
BLR,2010,5616.0941173307,80.1169697729485,-1.07244062423706,6.587,Low-Middle Income
BLR,2009,5200.77418555423,75.3678512573242,-1.02643048763275,6.377,Low-Middle Income
BLR,2008,5177.64534775676,71.3163528442383,-1.06889009475708,6.604,Low-Middle Income
BLR,2007,4682.20676719042,71.1050872802734,-1.16587352752686,6.303,Low-Middle Income
BLR,2006,4291.68647163264,68.3140869140625,-1.30366063117981,6.433,Low-Middle Income
BLR,2005,3877.71738911289,65.4601211547852,-1.15578401088715,6.144,Low-Middle Income
BLR,2004,3520.40452642524,62.9585113525391,-1.1885381937027,5.996,Low-Middle Income
BLR,2003,3137.26261430575,61.6584510803223,-1.07291829586029,5.635,Low-Middle Income
BLR,2002,2910.39937484153,58.9719886779785,-1.25031065940857,5.464,Low-Middle Income
BLR,2001,2753.0336970697,56.5885696411133,,5.444,Low-Middle Income
BLR,2000,2615.36376799462,54.5108413696289,-1.10058355331421,5.506,Low-Middle Income
BLR,1999,2460.36944195798,51.9174118041992,,5.785,Low-Middle Income
BLR,1998,2368.78330877851,48.6389083862305,-0.891576588153839,5.97,Low-Middle Income
BLR,1997,2175.40374180154,44.790599822998,,6.095,Low-Middle Income
BLR,1996,1944.68700512976,44.467098236084,-0.798983991146088,6.085,Low-Middle Income
BLR,1995,1885.36062660186,40.5794792175293,,5.983,Low-Middle Income
BLR,1994,2097.38187007503,41.3819999694824,,6.646,Low-Middle Income
BLR,1993,2372.48516910385,43.4634819030762,,7.877,Low-Middle Income
BLR,1992,2573.29955103215,44.3892517089844,,9.16,Low-Middle Income
BLR,1991,2852.83085924888,47.9793395996094,,10.22,Low-Middle Income
BLR,1990,2888.81296582486,48.9211387634277,,10.648,Low-Middle Income
BLZ,2020,5006.48453276935,25.9421694120047,-0.826539576053619,1.672,Low-Middle Income
BLZ,2019,5864.14611827109,25.138736158351,-0.855883598327637,1.994,Low-Middle Income
BLZ,2018,5707.61059954436,24.5883446033139,-0.842516541481018,1.735,Low-Middle Income
BLZ,2017,5767.61921963762,24.731690676743,-0.97460526227951,1.787,Low-Middle Income
BLZ,2016,6012.21296983668,24.4760136680388,-0.97061550617218,1.848,Low-Middle Income
BLZ,2015,6154.62264230369,23.4350622690571,-0.79416161775589,1.923,Low-Middle Income
BLZ,2014,6116.49578852783,24.0154633440872,-0.814675211906433,1.439,Low-Middle Income
BLZ,2013,6013.07879895362,24.0045345047471,-0.451571971178055,1.384,Low-Middle Income
BLZ,2012,5902.74234696881,24.0271611386785,-0.435866832733154,1.413,Low-Middle Income
BLZ,2011,5802.24344531492,21.5464009784327,-0.469881325960159,1.746,Low-Middle Income
BLZ,2010,5937.75398343789,21.5657311669129,-0.281174033880234,1.682,Low-Middle Income
BLZ,2009,5997.68447156383,22.0563106536865,-0.323144495487213,1.641,Low-Middle Income
BLZ,2008,6187.95885023655,18.78537940979,-0.133091673254967,1.42,Low-Middle Income
BLZ,2007,6465.82885846045,17.9253196716309,-0.0448062308132648,1.596,Low-Middle Income
BLZ,2006,6435.58767337678,16.941520690918,0.0238666515797377,1.54,Low-Middle Income
BLZ,2005,6337.12389222378,16.1422500610352,-0.0485887080430984,1.493,Low-Middle Income
BLZ,2004,6383.07432412662,15.6906204223633,-0.0529214031994343,1.443,Low-Middle Income
BLZ,2003,6274.47428279313,16.2938194274902,0.190566956996918,1.639,Low-Middle Income
BLZ,2002,5895.15235037898,17.0946197509766,-0.0455109514296055,1.689,Low-Middle Income
BLZ,2001,5764.99055491104,15.1962203979492,,1.8,Low-Middle Income
BLZ,2000,5663.64632374973,,0.0983268246054649,1.643,Low-Middle Income
BLZ,1999,5213.5662826521,,,1.493,Low-Middle Income
BLZ,1998,4931.45499103616,,-0.106160081923008,1.643,Low-Middle Income
BLZ,1997,4915.3403407039,,,1.786,Low-Middle Income
BLZ,1996,4875.65675023061,,0.084681548178196,1.463,Low-Middle Income
BLZ,1995,4967.96153818049,,,1.848,Low-Middle Income
BLZ,1994,5056.95201193832,,,1.877,Low-Middle Income
BLZ,1993,5166.82867390165,,,1.936,Low-Middle Income
BLZ,1992,4967.92710478843,,,1.861,Low-Middle Income
BLZ,1991,4499.57971281862,,,2.174,Low-Middle Income
BLZ,1990,4112.59517532713,,,1.701,Low-Middle Income
BOL,2020,2765.0927177231,,-1.21863114833832,1.55,Low-Middle Income
BOL,2019,3207.3869521223,,-1.18941926956177,1.937,Low-Middle Income
BOL,2018,3204.53670819124,,-1.21190083026886,1.956,Low-Middle Income
BOL,2017,3160.16421228968,,-1.24510812759399,1.955,Low-Middle Income
BOL,2016,3077.57057564766,,-1.23873949050903,1.901,Low-Middle Income
BOL,2015,2996.01289811344,,-1.16211700439453,1.807,Low-Middle Income
BOL,2014,2900.90241586338,,-1.05833506584167,1.834,Low-Middle Income
BOL,2013,2793.51457098676,,-1.05095064640045,1.664,Low-Middle Income
BOL,2012,2657.23884915853,,-1.01876401901245,1.671,Low-Middle Income
BOL,2011,2568.5205166368,,-0.984035789966583,1.551,Low-Middle Income
BOL,2010,2481.40700850945,,-1.02979016304016,1.454,Low-Middle Income
BOL,2009,2422.57579390007,,-1.11391890048981,1.361,Low-Middle Income
BOL,2008,2383.2503257823,,-0.978549301624298,1.322,Low-Middle Income
BOL,2007,2283.4273357151,,-0.832326352596283,1.315,Low-Middle Income
BOL,2006,2221.42722587103,,-0.85372930765152,1.299,Low-Middle Income
BOL,2005,2156.18670325307,,-0.765424847602844,1.318,Low-Middle Income
BOL,2004,2099.990810637,,-0.626744568347931,1.201,Low-Middle Income
BOL,2003,2050.07133411879,,-0.46946907043457,1.214,Low-Middle Income
BOL,2002,2029.66993638623,,-0.378112554550171,1.17,Low-Middle Income
BOL,2001,2013.84581083123,,,1.0,Low-Middle Income
BOL,2000,2014.19024658446,,-0.368222206830978,0.981,Low-Middle Income
BOL,1999,1998.94534010592,,,1.294,Low-Middle Income
BOL,1998,2025.50334651632,,-0.227260559797287,1.355,Low-Middle Income
BOL,1997,1962.8640425071,,,1.436,Low-Middle Income
BOL,1996,1904.28702147603,,-0.261528313159943,1.25,Low-Middle Income
BOL,1995,1858.78185183799,,,1.147,Low-Middle Income
BOL,1994,1809.57065085888,,,1.249,Low-Middle Income
BOL,1993,1762.66830888368,,,1.525,Low-Middle Income
BOL,1992,1724.36334508877,,,1.484,Low-Middle Income
BOL,1991,1731.3951418014,,,1.443,Low-Middle Income
BOL,1990,1679.40847934245,,,1.405,Low-Middle Income
BRA,2020,8435.01046209185,54.572811126709,-0.231919765472412,2.147,Low-Middle Income
BRA,2019,8771.43950372603,52.6240615844727,-0.224319815635681,2.298,Low-Middle Income
BRA,2018,8722.33529970988,51.1916885375977,-0.30234295129776,2.312,Low-Middle Income
BRA,2017,8628.25209645723,50.0267486572266,-0.305428564548492,2.429,Low-Middle Income
BRA,2016,8577.84277969667,48.3333396911621,-0.201301991939545,2.42,Low-Middle Income
BRA,2015,8936.1955889444,48.4340400695801,-0.187332957983017,2.619,Low-Middle Income
BRA,2014,9338.34170840985,47.1568717956543,-0.0529657602310181,2.781,Low-Middle Income
BRA,2013,9366.73824670239,44.3393707275391,-0.0920452028512955,2.678,Low-Middle Income
BRA,2012,9167.49818450433,43.2308616638184,-0.0769327953457832,2.527,Low-Middle Income
BRA,2011,9067.99212019529,,0.0451417230069637,2.365,Low-Middle Income
BRA,2010,8792.63334959864,,0.0564144365489483,2.273,Low-Middle Income
BRA,2009,8246.09612122851,,-0.103854693472385,2.029,Low-Middle Income
BRA,2008,8330.76364001877,,-0.288044780492783,2.168,Low-Middle Income
BRA,2007,8003.2532101272,,-0.40977942943573,2.071,Low-Middle Income
BRA,2006,7622.03919432148,,-0.402620196342468,1.976,Low-Middle Income
BRA,2005,7409.56827992249,,-0.475531458854675,1.973,Low-Middle Income
BRA,2004,7258.78101654079,,-0.400920122861862,1.979,Low-Middle Income
BRA,2003,6941.43965883253,,-0.367893666028976,1.908,Low-Middle Income
BRA,2002,6944.62257593723,,-0.266611307859421,1.948,Low-Middle Income
BRA,2001,6823.0331851176,,,1.963,Low-Middle Income
BRA,2000,6817.78345634413,,-0.244871854782104,1.955,Low-Middle Income
BRA,1999,6621.63600079445,,,1.907,Low-Middle Income
BRA,1998,6687.49446621217,,-0.202992081642151,1.876,Low-Middle Income
BRA,1997,6764.85764267331,,,1.842,Low-Middle Income
BRA,1996,6640.72624266152,,-0.223502203822136,1.762,Low-Middle Income
BRA,1995,6596.33496795058,,,1.661,Low-Middle Income
BRA,1994,6427.1682800904,,,1.595,Low-Middle Income
BRA,1993,6167.46021218994,,,1.558,Low-Middle Income
BRA,1992,5973.98216883419,,,1.514,Low-Middle Income
BRA,1991,6107.64813406258,,,1.512,Low-Middle Income
BRA,1990,6149.86718171298,,,1.466,Low-Middle Income
BTN,2020,3092.12428399363,16.8650740250552,0.576956927776337,1.576,Low-Middle Income
BTN,2019,3467.38598979356,15.9420291550317,0.584506988525391,2.046,Low-Middle Income
BTN,2018,3300.55006461736,14.9303808051574,0.5483518242836,2.214,Low-Middle Income
BTN,2017,3211.80903275593,14.8354989456323,0.626136064529419,2.186,Low-Middle Income
BTN,2016,3173.36773217431,,0.510700881481171,2.086,Low-Middle Income
BTN,2015,2954.04081911097,,0.534871518611908,1.936,Low-Middle Income
BTN,2014,2797.81883971908,,0.417354077100754,1.817,Low-Middle Income
BTN,2013,2671.07460201171,10.362939215902,0.317186415195465,1.75,Low-Middle Income
BTN,2012,2654.74798946027,7.60806024678839,0.260953724384308,1.603,Low-Middle Income
BTN,2011,2552.48871073094,7.70502526511554,0.205665543675423,1.419,Low-Middle Income
BTN,2010,2378.72810760985,6.57718143152316,0.161859259009361,1.291,Low-Middle Income
BTN,2009,2148.56480375034,6.29682016372681,0.219097927212715,0.984,Low-Middle Income
BTN,2008,2017.76018913403,6.58204984664917,0.421698182821274,0.942,Low-Middle Income
BTN,2007,1952.25734603779,5.54621982574463,0.367832779884338,0.585,Low-Middle Income
BTN,2006,1701.11878173586,5.12222003936768,0.212459489703178,0.613,Low-Middle Income
BTN,2005,1632.02169500573,4.87233018875122,0.332806766033173,0.825,Low-Middle Income
BTN,2004,1552.73915195801,,0.223591417074203,0.67,Low-Middle Income
BTN,2003,1506.4152751782,,0.136125683784485,0.775,Low-Middle Income
BTN,2002,1427.25693317315,,0.0694017261266708,0.791,Low-Middle Income
BTN,2001,1321.09878230279,,,0.759,Low-Middle Income
BTN,2000,1259.6237645235,,0.130426153540611,0.665,Low-Middle Income
BTN,1999,1248.61600842811,2.69045996665955,,0.662,Low-Middle Income
BTN,1998,1182.98781073316,,0.0383083745837212,0.676,Low-Middle Income
BTN,1997,1138.39922318847,,,0.698,Low-Middle Income
BTN,1996,1099.85817824831,,-0.0315036252140999,0.544,Low-Middle Income
BTN,1995,1043.38748981674,,,0.454,Low-Middle Income
BTN,1994,963.016574291679,,,0.383,Low-Middle Income
BTN,1993,917.291292689812,,,0.328,Low-Middle Income
BTN,1992,863.46389569327,,,0.372,Low-Middle Income
BTN,1991,795.191842865383,,,0.31,Low-Middle Income
BTN,1990,812.671325588739,,,0.315,Low-Middle Income
BWA,2020,6254.24806241091,22.4017870513653,0.382221907377243,2.617,Low-Middle Income
BWA,2019,6951.73189051146,21.4965480211896,0.432969272136688,3.21,Low-Middle Income
BWA,2018,6843.84612027739,,0.383804857730865,3.324,Low-Middle Income
BWA,2017,6662.57644805467,21.4762885165012,0.360619574785233,3.117,Low-Middle Income
BWA,2016,6490.83463593483,22.6605855291776,0.379932075738907,2.837,Low-Middle Income
BWA,2015,6141.20394726616,26.8692925538756,0.483199238777161,2.459,Low-Middle Income
BWA,2014,6547.12254115892,24.8355648460166,0.539282619953156,3.154,Low-Middle Income
BWA,2013,6284.97678002618,26.3370990753174,0.494382411241531,2.645,Low-Middle Income
BWA,2012,5742.91924452636,21.6663608551025,0.594521701335907,2.408,Low-Middle Income
BWA,2011,5850.07858575461,17.5134506225586,0.601400375366211,1.943,Low-Middle Income
BWA,2010,5584.5034321846,19.5398902893066,0.596930503845215,2.232,Low-Middle Income
BWA,2009,5179.4138607146,21.9871006011963,0.586034953594208,1.937,Low-Middle Income
BWA,2008,6158.61629368051,14.2659397125244,0.610460937023163,2.309,Low-Middle Income
BWA,2007,6085.6354476126,10.2232799530029,0.544856309890747,2.212,Low-Middle Income
BWA,2006,5865.00026521361,10.0698099136353,0.513664186000824,2.205,Low-Middle Income
BWA,2005,5514.21742664705,9.23077964782715,0.541108727455139,2.226,Low-Middle Income
BWA,2004,5369.42516766112,9.56877994537354,0.562500655651093,2.155,Low-Middle Income
BWA,2003,5320.440295139,9.07960033416748,0.670592188835144,2.154,Low-Middle Income
BWA,2002,5175.47655317231,7.80341005325317,0.559019982814789,2.278,Low-Middle Income
BWA,2001,4971.96371794188,7.48678016662598,,2.247,Low-Middle Income
BWA,2000,5062.64289173588,6.98083019256592,0.577083766460419,2.252,Low-Middle Income
BWA,1999,5070.94772048729,6.25281000137329,,1.923,Low-Middle Income
BWA,1998,4724.93670942028,5.96113014221191,0.631555795669556,2.08,Low-Middle Income
BWA,1997,4809.4439184672,,,1.781,Low-Middle Income
BWA,1996,4543.2105349273,5.66145992279053,0.584521055221558,1.794,Low-Middle Income
BWA,1995,4399.1388580936,5.28647994995117,,2.031,Low-Middle Income
BWA,1994,4219.4408088678,5.62313985824585,,2.075,Low-Middle Income
BWA,1993,4186.14547358363,5.16587018966675,,2.25,Low-Middle Income
BWA,1992,4226.73999498293,,,2.012,Low-Middle Income
BWA,1991,4224.09857544948,4.35687017440796,,1.963,Low-Middle Income
BWA,1990,4039.46544455099,,,2.068,Low-Middle Income
CAF,2020,398.834274122139,,-1.75423848628998,0.066,Low-Middle Income
CAF,2019,401.82582161435,,-1.76526069641113,0.063,Low-Middle Income
CAF,2018,395.020015455909,,-1.7171630859375,0.056,Low-Middle Income
CAF,2017,387.35795131742,,-1.75811660289764,0.06,Low-Middle Income
CAF,2016,376.858254120398,,-1.8510274887085,0.051,Low-Middle Income
CAF,2015,366.322853938121,,-1.71155834197998,0.042,Low-Middle Income
CAF,2014,351.561554911625,,-1.70663821697235,0.029,Low-Middle Income
CAF,2013,349.821171688973,,-1.80943930149078,0.022,Low-Middle Income
CAF,2012,553.729578314912,2.77519989013672,-1.43880379199982,0.04,Low-Middle Income
CAF,2011,532.38295493852,2.95497989654541,-1.30544543266296,0.034,Low-Middle Income
CAF,2010,519.141456408484,2.53881001472473,-1.31199896335602,0.038,Low-Middle Income
CAF,2009,492.215398914836,2.30814003944397,-1.32386815547943,0.034,Low-Middle Income
CAF,2008,450.313616886022,2.16495990753174,-1.43187046051025,0.033,Low-Middle Income
CAF,2007,450.762785401893,,-1.57391834259033,0.034,Low-Middle Income
CAF,2006,439.294330902768,1.08675003051758,-1.54490375518799,0.032,Low-Middle Income
CAF,2005,427.968043155237,,-1.45132994651794,0.03,Low-Middle Income
CAF,2004,433.825227770233,1.66786003112793,-1.56201231479645,0.03,Low-Middle Income
CAF,2003,418.240532289858,,-1.4330381155014,0.028,Low-Middle Income
CAF,2002,452.808702217035,,-0.955280721187592,0.029,Low-Middle Income
CAF,2001,446.658634192083,,,0.036,Low-Middle Income
CAF,2000,437.168928414826,1.94369995594025,-1.37595665454865,0.032,Low-Middle Income
CAF,1999,460.827900216085,2.01588010787964,,0.062,Low-Middle Income
CAF,1998,457.148858416438,,-1.1665472984314,0.061,Low-Middle Income
CAF,1997,448.634663639551,,,0.061,Low-Middle Income
CAF,1996,437.925054761723,,-1.15238130092621,0.062,Low-Middle Income
CAF,1995,468.150527620686,,,0.062,Low-Middle Income
CAF,1994,448.784442959801,,,0.064,Low-Middle Income
CAF,1993,441.384907508364,,,0.063,Low-Middle Income
CAF,1992,454.148968239471,1.34974002838135,,0.063,Low-Middle Income
CAF,1991,500.991150890901,1.43098998069763,,0.064,Low-Middle Income
CAF,1990,519.786735961912,1.32114005088806,,0.064,Low-Middle Income
CHN,2020,10573.6420059282,61.6124675996947,-0.102505102753639,7.641,Low-Middle Income
CHN,2019,10356.4804194995,56.6050917923292,-0.261681526899338,7.526,Low-Middle Income
CHN,2018,9798.6528523316,53.3987984572814,-0.186479195952415,7.292,Low-Middle Income
CHN,2017,9221.51403820573,51.0678812273407,-0.255178093910217,7.08,Low-Middle Income
CHN,2016,8679.37704460133,49.309077375597,-0.32396873831749,6.943,Low-Middle Income
CHN,2015,8175.33285077393,47.1192619330726,-0.408455699682236,7.061,Low-Middle Income
CHN,2014,7686.57792954381,43.7110051016854,-0.396053194999695,7.188,Low-Middle Income
CHN,2013,7198.06876478162,32.7191603158803,-0.52588939666748,7.21,Low-Middle Income
CHN,2012,6723.19443752823,29.3081906903292,-0.545384466648102,7.132,Low-Middle Income
CHN,2011,6275.90956436258,26.7875039907406,-0.453809976577759,6.999,Low-Middle Income
CHN,2010,5764.86534987407,25.2883066277701,-0.472601860761642,6.37,Low-Middle Income
CHN,2009,5237.76666540352,23.2886295318604,-0.46321377158165,5.871,Low-Middle Income
CHN,2008,4811.47471804961,21.8667392730713,-0.479174673557281,5.617,Low-Middle Income
CHN,2007,4409.75700836878,21.4715595245361,-0.597397744655609,5.261,Low-Middle Income
CHN,2006,3883.35412942474,20.5667705535889,-0.699893414974213,4.921,Low-Middle Income
CHN,2005,3465.81734409951,18.6565208435059,-0.650172889232635,4.49,Low-Middle Income
CHN,2004,3127.86276523632,16.9004402160644,-0.585468709468842,4.002,Low-Middle Income
CHN,2003,2857.0373538115,14.513970375061,-0.553043842315674,3.735,Low-Middle Income
CHN,2002,2610.72960252379,11.8050804138184,-0.517029762268066,3.185,Low-Middle Income
CHN,2001,2405.89396743215,9.28069019317627,,2.912,Low-Middle Income
CHN,2000,2237.44298500334,7.57777976989746,-0.51611715555191,2.87,Low-Middle Income
CHN,1999,2076.81812919622,6.61046981811523,,2.817,Low-Middle Income
CHN,1998,1944.43719705771,6.25878000259399,-0.476805359125137,2.682,Low-Middle Income
CHN,1997,1819.09789302268,5.79580020904541,,2.83,Low-Middle Income
CHN,1996,1681.62743528935,5.27504014968872,-0.545589983463287,2.843,Low-Middle Income
CHN,1995,1545.19429404212,4.65805006027222,,2.747,Low-Middle Income
CHN,1994,1406.85845705008,3.77007007598877,,2.559,Low-Middle Income
CHN,1993,1258.34946089635,2.93351006507873,,2.434,Low-Middle Income
CHN,1992,1117.27329480169,2.81714010238648,,2.306,Low-Middle Income
CHN,1991,989.548540519036,2.88314008712769,,2.237,Low-Middle Income
CHN,1990,917.270661782581,3.00202989578247,,2.153,Low-Middle Income
CIV,2020,2055.08483996432,10.2664091345849,-0.656908571720123,0.381,Low-Middle Income
CIV,2019,2093.09994335779,10.3256981639741,-0.610495507717133,0.374,Low-Middle Income
CIV,2018,2013.32307598499,,-0.60271030664444,0.379,Low-Middle Income
CIV,2017,1972.81431788947,9.52488768872621,-0.650803864002228,0.449,Low-Middle Income
CIV,2016,1889.27777949938,8.89557845705252,-0.663034617900848,0.461,Low-Middle Income
CIV,2015,1814.71855088017,8.46433224598306,-0.65147203207016,0.378,Low-Middle Income
CIV,2014,1742.53693001178,7.73897659286671,-0.593253374099731,0.404,Low-Middle Income
CIV,2013,1632.32712787006,7.35426503598509,-0.914694607257843,0.404,Low-Middle Income
CIV,2012,1503.43433046682,,-1.09417271614075,0.364,Low-Middle Income
CIV,2011,1426.46463864534,2.92101759305363,-1.2826817035675,0.284,Low-Middle Income
CIV,2010,1540.52927270246,6.53099472386889,-1.23600256443024,0.277,Low-Middle Income
CIV,2009,1473.9183699329,7.18858003616333,-1.25304388999939,0.257,Low-Middle Income
CIV,2008,1454.62731800082,7.48366022109985,-1.43818151950836,0.312,Low-Middle Income
CIV,2007,1420.1738958245,7.9370698928833,-1.47171807289124,0.316,Low-Middle Income
CIV,2006,1437.77453798586,,-1.46290397644043,0.335,Low-Middle Income
CIV,2005,1431.73320203111,,-1.53936767578125,0.377,Low-Middle Income
CIV,2004,1451.86547141894,,-1.42453122138977,0.377,Low-Middle Income
CIV,2003,1441.58801755037,,-1.3585205078125,0.277,Low-Middle Income
CIV,2002,1551.27925902838,,-1.32922720909119,0.399,Low-Middle Income
CIV,2001,1636.57318705218,,,0.421,Low-Middle Income
CIV,2000,1717.95385651231,,-1.24766981601715,0.375,Low-Middle Income
CIV,1999,1770.86540389357,5.49134016036987,,0.354,Low-Middle Income
CIV,1998,1808.42289027986,,-0.922914206981659,0.405,Low-Middle Income
CIV,1997,1801.13163122133,5.41806983947754,,0.449,Low-Middle Income
CIV,1996,1706.97650014485,,-0.785435140132904,0.487,Low-Middle Income
CIV,1995,1647.08777075504,3.5975399017334,,0.419,Low-Middle Income
CIV,1994,1598.69239055813,3.6460599899292,,0.289,Low-Middle Income
CIV,1993,1649.47036183619,2.93564009666443,,0.371,Low-Middle Income
CIV,1992,1719.71261335163,2.47028994560242,,0.291,Low-Middle Income
CIV,1991,1794.12062566918,,,0.34,Low-Middle Income
CIV,1990,1866.0785698741,,,0.392,Low-Middle Income
AFG,1990,,2.21519994735718,,0.168,Low-Middle Income
AFG,1998,,,-1.73488676548004,0.067,Low-Middle Income
AFG,1996,,,-1.78807544708252,0.077,Low-Middle Income
