country,country_name,income_level_code,Income_Group,complete_years,first_complete_year,last_complete_year,included,coverage_rule
ABW,Aruba,HIC,High Income,13,2004.0,2016.0,False,"at least 15 complete years, 1990-2020"
AFG,Afghanistan,LIC,Low and Middle Income,7,2003.0,2020.0,False,"at least 15 complete years, 1990-2020"
AGO,Angola,LMC,Low and Middle Income,10,1998.0,2016.0,False,"at least 15 complete years, 1990-2020"
ALB,Albania,UMC,Low and Middle Income,22,1996.0,2020.0,True,"at least 15 complete years, 1990-2020"
AND,Andorra,HIC,High Income,15,2002.0,2020.0,True,"at least 15 complete years, 1990-2020"
ARE,United Arab Emirates,HIC,High Income,3,2018.0,2020.0,False,"at least 15 complete years, 1990-2020"
ARG,Argentina,UMC,Low and Middle Income,21,1998.0,2020.0,True,"at least 15 complete years, 1990-2020"
ARM,Armenia,UMC,Low and Middle Income,22,1996.0,2020.0,True,"at least 15 complete years, 1990-2020"
ASM,American Samoa,HIC,High Income,0,,,False,"at least 15 complete years, 1990-2020"
ATG,Antigua and Barbuda,HIC,High Income,4,2009.0,2012.0,False,"at least 15 complete years, 1990-2020"
AUS,Australia,HIC,High Income,6,2015.0,2020.0,False,"at least 15 complete years, 1990-2020"
AUT,Austria,HIC,High Income,14,2007.0,2020.0,False,"at least 15 complete years, 1990-2020"
AZE,Azerbaijan,UMC,Low and Middle Income,15,2006.0,2020.0,True,"at least 15 complete years, 1990-2020"
BDI,Burundi,LIC,Low and Middle Income,17,1998.0,2018.0,True,"at least 15 complete years, 1990-2020"
BEL,Belgium,HIC,High Income,19,2002.0,2020.0,True,"at least 15 complete years, 1990-2020"
BEN,Benin,LMC,Low and Middle Income,21,1996.0,2020.0,True,"at least 15 complete years, 1990-2020"
BFA,Burkina Faso,LIC,Low and Middle Income,19,1996.0,2020.0,True,"at least 15 complete years, 1990-2020"
BGD,Bangladesh,LMC,Low and Middle Income,19,2000.0,2020.0,True,"at least 15 complete years, 1990-2020"
BGR,Bulgaria,HIC,High Income,19,2002.0,2020.0,True,"at least 15 complete years, 1990-2020"
BHR,Bahrain,HIC,High Income,14,1996.0,2020.0,False,"at least 15 complete years, 1990-2020"
BHS,"Bahamas, The",HIC,High Income,0,,,False,"at least 15 complete years, 1990-2020"
BIH,Bosnia and Herzegovina,UMC,Low and Middle Income,20,2000.0,2020.0,True,"at least 15 complete years, 1990-2020"
BLR,Belarus,UMC,Low and Middle Income,22,1996.0,2020.0,True,"at least 15 complete years, 1990-2020"
BLZ,Belize,UMC,Low and Middle Income,19,2002.0,2020.0,True,"at least 15 complete years, 1990-2020"
BMU,Bermuda,HIC,High Income,12,2006.0,2018.0,False,"at least 15 complete years, 1990-2020"
BOL,Bolivia,LMC,Low and Middle Income,0,,,False,"at least 15 complete years, 1990-2020"
BRA,Brazil,UMC,Low and Middle Income,9,2012.0,2020.0,False,"at least 15 complete years, 1990-2020"
BRB,Barbados,HIC,High Income,14,2000.0,2020.0,False,"at least 15 complete years, 1990-2020"
BRN,Brunei Darussalam,HIC,High Income,21,1998.0,2020.0,True,"at least 15 complete years, 1990-2020"
BTN,Bhutan,LMC,Low and Middle Income,13,2005.0,2020.0,False,"at least 15 complete years, 1990-2020"
BWA,Botswana,UMC,Low and Middle Income,21,1996.0,2020.0,True,"at least 15 complete years, 1990-2020"
CAF,Central African Republic,LIC,Low and Middle Income,8,2000.0,2012.0,False,"at least 15 complete years, 1990-2020"
CAN,Canada,HIC,High Income,16,2000.0,2020.0,True,"at least 15 complete years, 1990-2020"
CHE,Switzerland,HIC,High Income,20,2000.0,2020.0,True,"at least 15 complete years, 1990-2020"
CHI,Channel Islands,HIC,High Income,0,,,False,"at least 15 complete years, 1990-2020"
CHL,Chile,HIC,High Income,20,2000.0,2020.0,True,"at least 15 complete years, 1990-2020"
CHN,China,UMC,Low and Middle Income,22,1996.0,2020.0,True,"at least 15 complete years, 1990-2020"
CIV,Cote d'Ivoire,LMC,Low and Middle Income,12,2007.0,2020.0,False,"at least 15 complete years, 1990-2020"
CMR,Cameroon,LMC,Low and Middle Income,20,2000.0,2020.0,True,"at least 15 complete years, 1990-2020"
COD,"Congo, Dem. Rep.",LIC,Low and Middle Income,9,2006.0,2020.0,False,"at least 15 complete years, 1990-2020"
COG,"Congo, Rep.",LMC,Low and Middle Income,8,2000.0,2017.0,False,"at least 15 complete years, 1990-2020"
COL,Colombia,UMC,Low and Middle Income,19,2000.0,2020.0,True,"at least 15 complete years, 1990-2020"
COM,Comoros,LMC,Low and Middle Income,11,1996.0,2017.0,False,"at least 15 complete years, 1990-2020"
CPV,Cabo Verde,UMC,Low and Middle Income,18,2000.0,2018.0,True,"at least 15 complete years, 1990-2020"
CRI,Costa Rica,HIC,High Income,10,2004.0,2019.0,False,"at least 15 complete years, 1990-2020"
CUB,Cuba,UMC,Low and Middle Income,22,1996.0,2020.0,True,"at least 15 complete years, 1990-2020"
CUW,Curacao,HIC,High Income,0,,,False,"at least 15 complete years, 1990-2020"
CYM,Cayman Islands,HIC,High Income,0,,,False,"at least 15 complete years, 1990-2020"
CYP,Cyprus,HIC,High Income,19,2002.0,2020.0,True,"at least 15 complete years, 1990-2020"
CZE,Czechia,HIC,High Income,19,2002.0,2020.0,True,"at least 15 complete years, 1990-2020"
DEU,Germany,HIC,High Income,8,2013.0,2020.0,False,"at least 15 complete years, 1990-2020"
DJI,Djibouti,LMC,Low and Middle Income,0,,,False,"at least 15 complete years, 1990-2020"
DMA,Dominica,UMC,Low and Middle Income,0,,,False,"at least 15 complete years, 1990-2020"
DNK,Denmark,HIC,High Income,19,2002.0,2020.0,True,"at least 15 complete years, 1990-2020"
DOM,Dominican Republic,UMC,Low and Middle Income,7,2003.0,2020.0,False,"at least 15 complete years, 1990-2020"
DZA,Algeria,UMC,Low and Middle Income,19,1996.0,2020.0,True,"at least 15 complete years, 1990-2020"
ECU,Ecuador,UMC,Low and Middle Income,7,2008.0,2020.0,False,"at least 15 complete years, 1990-2020"
EGY,"Egypt, Arab Rep.",LMC,Low and Middle Income,19,2002.0,2020.0,True,"at least 15 complete years, 1990-2020"
ERI,Eritrea,LIC,Low and Middle Income,7,1996.0,2010.0,False,"at least 15 complete years, 1990-2020"
ESP,Spain,HIC,High Income,19,2002.0,2020.0,True,"at least 15 complete years, 1990-2020"
EST,Estonia,HIC,High Income,19,2002.0,2020.0,True,"at least 15 complete years, 1990-2020"
ETH,Ethiopia,LIC,Low and Middle Income,13,1996.0,2014.0,False,"at least 15 complete years, 1990-2020"
FIN,Finland,HIC,High Income,19,2002.0,2020.0,True,"at least 15 complete years, 1990-2020"
FJI,Fiji,UMC,Low and Middle Income,10,2003.0,2020.0,False,"at least 15 complete years, 1990-2020"
FRA,France,HIC,High Income,19,2002.0,2020.0,True,"at least 15 complete years, 1990-2020"
FRO,Faroe Islands,HIC,High Income,0,,,False,"at least 15 complete years, 1990-2020"
FSM,"Micronesia, Fed. Sts.",UMC,Low and Middle Income,1,2000.0,2000.0,False,"at least 15 complete years, 1990-2020"
GAB,Gabon,UMC,Low and Middle Income,1,2003.0,2003.0,False,"at least 15 complete years, 1990-2020"
GBR,United Kingdom,HIC,High Income,20,2000.0,2020.0,True,"at least 15 complete years, 1990-2020"
GEO,Georgia,UMC,Low and Middle Income,21,1996.0,2020.0,True,"at least 15 complete years, 1990-2020"
GHA,Ghana,LMC,Low and Middle Income,15,2005.0,2020.0,True,"at least 15 complete years, 1990-2020"
GIB,Gibraltar,HIC,High Income,0,,,False,"at least 15 complete years, 1990-2020"
GIN,Guinea,LMC,Low and Middle Income,13,1996.0,2014.0,False,"at least 15 complete years, 1990-2020"
GMB,"Gambia, The",LIC,Low and Middle Income,4,2004.0,2012.0,False,"at least 15 complete years, 1990-2020"
GNB,Guinea-Bissau,LIC,Low and Middle Income,2,2005.0,2006.0,False,"at least 15 complete years, 1990-2020"
GNQ,Equatorial Guinea,UMC,Low and Middle Income,1,2000.0,2000.0,False,"at least 15 complete years, 1990-2020"
GRC,Greece,HIC,High Income,17,2000.0,2020.0,True,"at least 15 complete years, 1990-2020"
GRD,Grenada,UMC,Low and Middle Income,5,2009.0,2018.0,False,"at least 15 complete years, 1990-2020"
GRL,Greenland,HIC,High Income,0,,,False,"at least 15 complete years, 1990-2020"
GTM,Guatemala,UMC,Low and Middle Income,10,2002.0,2019.0,False,"at least 15 complete years, 1990-2020"
GUM,Guam,HIC,High Income,0,,,False,"at least 15 complete years, 1990-2020"
GUY,Guyana,HIC,High Income,11,1996.0,2012.0,False,"at least 15 complete years, 1990-2020"
HKG,"Hong Kong SAR, China",HIC,High Income,18,2003.0,2020.0,True,"at least 15 complete years, 1990-2020"
HND,Honduras,LMC,Low and Middle Income,15,1996.0,2019.0,True,"at least 15 complete years, 1990-2020"
HRV,Croatia,HIC,High Income,19,2002.0,2020.0,True,"at least 15 complete years, 1990-2020"
HTI,Haiti,LMC,Low and Middle Income,0,,,False,"at least 15 complete years, 1990-2020"
HUN,Hungary,HIC,High Income,19,2002.0,2020.0,True,"at least 15 complete years, 1990-2020"
IDN,Indonesia,UMC,Low and Middle Income,22,1996.0,2020.0,True,"at least 15 complete years, 1990-2020"
IMN,Isle of Man,HIC,High Income,0,,,False,"at least 15 complete years, 1990-2020"
IND,India,LMC,Low and Middle Income,21,1996.0,2020.0,True,"at least 15 complete years, 1990-2020"
IRL,Ireland,HIC,High Income,19,2002.0,2020.0,True,"at least 15 complete years, 1990-2020"
IRN,"Iran, Islamic Rep.",UMC,Low and Middle Income,21,1996.0,2020.0,True,"at least 15 complete years, 1990-2020"
IRQ,Iraq,UMC,Low and Middle Income,4,2000.0,2005.0,False,"at least 15 complete years, 1990-2020"
ISL,Iceland,HIC,High Income,22,1996.0,2020.0,True,"at least 15 complete years, 1990-2020"
ISR,Israel,HIC,High Income,19,2002.0,2020.0,True,"at least 15 complete years, 1990-2020"
ITA,Italy,HIC,High Income,19,2002.0,2020.0,True,"at least 15 complete years, 1990-2020"
JAM,Jamaica,UMC,Low and Middle Income,13,2000.0,2015.0,False,"at least 15 complete years, 1990-2020"
JOR,Jordan,UMC,Low and Middle Income,19,1996.0,2020.0,True,"at least 15 complete years, 1990-2020"
JPN,Japan,HIC,High Income,8,2013.0,2020.0,False,"at least 15 complete years, 1990-2020"
KAZ,Kazakhstan,UMC,Low and Middle Income,14,1996.0,2020.0,False,"at least 15 complete years, 1990-2020"
KEN,Kenya,LMC,Low and Middle Income,9,2000.0,2019.0,False,"at least 15 complete years, 1990-2020"
KGZ,Kyrgyz Republic,LMC,Low and Middle Income,22,1996.0,2020.0,True,"at least 15 complete years, 1990-2020"
KHM,Cambodia,LMC,Low and Middle Income,17,1996.0,2020.0,True,"at least 15 complete years, 1990-2020"
KIR,Kiribati,LMC,Low and Middle Income,0,,,False,"at least 15 complete years, 1990-2020"
KNA,St. Kitts and Nevis,HIC,High Income,3,2008.0,2015.0,False,"at least 15 complete years, 1990-2020"
KOR,"Korea, Rep.",HIC,High Income,20,2000.0,2020.0,True,"at least 15 complete years, 1990-2020"
KWT,Kuwait,HIC,High Income,11,1996.0,2020.0,False,"at least 15 complete years, 1990-2020"
LAO,Lao PDR,LMC,Low and Middle Income,22,1996.0,2020.0,True,"at least 15 complete years, 1990-2020"
LBN,Lebanon,LMC,Low and Middle Income,21,1996.0,2020.0,True,"at least 15 complete years, 1990-2020"
LBR,Liberia,LIC,Low and Middle Income,3,2000.0,2012.0,False,"at least 15 complete years, 1990-2020"
LBY,Libya,UMC,Low and Middle Income,3,2000.0,2003.0,False,"at least 15 complete years, 1990-2020"
LCA,St. Lucia,UMC,Low and Middle Income,18,1996.0,2020.0,True,"at least 15 complete years, 1990-2020"
LIE,Liechtenstein,HIC,High Income,1,2015.0,2015.0,False,"at least 15 complete years, 1990-2020"
LKA,Sri Lanka,UMC,Low and Middle Income,11,2010.0,2020.0,False,"at least 15 complete years, 1990-2020"
LSO,Lesotho,LMC,Low and Middle Income,12,1996.0,2018.0,False,"at least 15 complete years, 1990-2020"
LTU,Lithuania,HIC,High Income,19,2002.0,2020.0,True,"at least 15 complete years, 1990-2020"
LUX,Luxembourg,HIC,High Income,12,2002.0,2020.0,False,"at least 15 complete years, 1990-2020"
LVA,Latvia,HIC,High Income,19,2002.0,2020.0,True,"at least 15 complete years, 1990-2020"
MAC,"Macao SAR, China",HIC,High Income,19,2002.0,2020.0,True,"at least 15 complete years, 1990-2020"
MAF,St. Martin (French part),HIC,High Income,0,,,False,"at least 15 complete years, 1990-2020"
MAR,Morocco,LMC,Low and Middle Income,21,1998.0,2020.0,True,"at least 15 complete years, 1990-2020"
MCO,Monaco,HIC,High Income,0,,,False,"at least 15 complete years, 1990-2020"
MDA,Moldova,UMC,Low and Middle Income,11,2010.0,2020.0,False,"at least 15 complete years, 1990-2020"
MDG,Madagascar,LIC,Low and Middle Income,22,1996.0,2020.0,True,"at least 15 complete years, 1990-2020"
MDV,Maldives,UMC,Low and Middle Income,7,2003.0,2020.0,False,"at least 15 complete years, 1990-2020"
MEX,Mexico,UMC,Low and Middle Income,20,2000.0,2020.0,True,"at least 15 complete years, 1990-2020"
MHL,Marshall Islands,UMC,Low and Middle Income,5,2002.0,2019.0,False,"at least 15 complete years, 1990-2020"
MKD,North Macedonia,UMC,Low and Middle Income,20,1996.0,2020.0,True,"at least 15 complete years, 1990-2020"
MLI,Mali,LIC,Low and Middle Income,12,1996.0,2015.0,False,"at least 15 complete years, 1990-2020"
MLT,Malta,HIC,High Income,19,2002.0,2020.0,True,"at least 15 complete years, 1990-2020"
MMR,Myanmar,LMC,Low and Middle Income,5,1998.0,2018.0,False,"at least 15 complete years, 1990-2020"
MNE,Montenegro,UMC,Low and Middle Income,20,2000.0,2020.0,True,"at least 15 complete years, 1990-2020"
MNG,Mongolia,UMC,Low and Middle Income,22,1996.0,2020.0,True,"at least 15 complete years, 1990-2020"
MNP,Northern Mariana Islands,HIC,High Income,0,,,False,"at least 15 complete years, 1990-2020"
MOZ,Mozambique,LIC,Low and Middle Income,19,1996.0,2018.0,True,"at least 15 complete years, 1990-2020"
MRT,Mauritania,LMC,Low and Middle Income,20,1996.0,2020.0,True,"at least 15 complete years, 1990-2020"
MUS,Mauritius,UMC,Low and Middle Income,21,1996.0,2020.0,True,"at least 15 complete years, 1990-2020"
MWI,Malawi,LIC,Low and Middle Income,15,1996.0,2020.0,True,"at least 15 complete years, 1990-2020"
MYS,Malaysia,UMC,Low and Middle Income,21,1998.0,2020.0,True,"at least 15 complete years, 1990-2020"
NAM,Namibia,LMC,Low and Middle Income,15,1998.0,2020.0,True,"at least 15 complete years, 1990-2020"
NCL,New Caledonia,HIC,High Income,0,,,False,"at least 15 complete years, 1990-2020"
NER,Niger,LIC,Low and Middle Income,15,2003.0,2019.0,True,"at least 15 complete years, 1990-2020"
NGA,Nigeria,LMC,Low and Middle Income,5,2003.0,2011.0,False,"at least 15 complete years, 1990-2020"
NIC,Nicaragua,LMC,Low and Middle Income,1,2002.0,2002.0,False,"at least 15 complete years, 1990-2020"
NLD,Netherlands,HIC,High Income,16,2002.0,2020.0,True,"at least 15 complete years, 1990-2020"
NOR,Norway,HIC,High Income,19,2002.0,2020.0,True,"at least 15 complete years, 1990-2020"
NPL,Nepal,LMC,Low and Middle Income,20,1996.0,2020.0,True,"at least 15 complete years, 1990-2020"
NRU,Naoero,HIC,High Income,0,,,False,"at least 15 complete years, 1990-2020"
NZL,New Zealand,HIC,High Income,8,2013.0,2020.0,False,"at least 15 complete years, 1990-2020"
OMN,Oman,HIC,High Income,19,1996.0,2020.0,True,"at least 15 complete years, 1990-2020"
PAK,Pakistan,LMC,Low and Middle Income,18,2003.0,2020.0,True,"at least 15 complete years, 1990-2020"
PAN,Panama,HIC,High Income,18,1996.0,2020.0,True,"at least 15 complete years, 1990-2020"
PER,Peru,UMC,Low and Middle Income,9,1996.0,2017.0,False,"at least 15 complete years, 1990-2020"
PHL,Philippines,UMC,Low and Middle Income,20,1996.0,2020.0,True,"at least 15 complete years, 1990-2020"
PLW,Palau,HIC,High Income,3,2000.0,2013.0,False,"at least 15 complete years, 1990-2020"
PNG,Papua New Guinea,LMC,Low and Middle Income,2,1996.0,1998.0,False,"at least 15 complete years, 1990-2020"
POL,Poland,HIC,High Income,19,2002.0,2020.0,True,"at least 15 complete years, 1990-2020"
PRI,Puerto Rico (US),HIC,High Income,0,,,False,"at least 15 complete years, 1990-2020"
PRK,"Korea, Dem. People's Rep.",LIC,Low and Middle Income,0,,,False,"at least 15 complete years, 1990-2020"
PRT,Portugal,HIC,High Income,6,2015.0,2020.0,False,"at least 15 complete years, 1990-2020"
PRY,Paraguay,UMC,Low and Middle Income,10,1996.0,2010.0,False,"at least 15 complete years, 1990-2020"
PSE,West Bank and Gaza,LMC,Low and Middle Income,22,1996.0,2020.0,True,"at least 15 complete years, 1990-2020"
PYF,French Polynesia,HIC,High Income,0,,,False,"at least 15 complete years, 1990-2020"
QAT,Qatar,HIC,High Income,21,1996.0,2020.0,True,"at least 15 complete years, 1990-2020"
ROU,Romania,HIC,High Income,19,2002.0,2020.0,True,"at least 15 complete years, 1990-2020"
RUS,Russian Federation,HIC,High Income,21,1996.0,2020.0,True,"at least 15 complete years, 1990-2020"
RWA,Rwanda,LIC,Low and Middle Income,20,2000.0,2020.0,True,"at least 15 complete years, 1990-2020"
SAU,Saudi Arabia,HIC,High Income,22,1996.0,2020.0,True,"at least 15 complete years, 1990-2020"
SDN,Sudan,LIC,Low and Middle Income,15,2000.0,2015.0,True,"at least 15 complete years, 1990-2020"
SEN,Senegal,LMC,Low and Middle Income,17,2004.0,2020.0,True,"at least 15 complete years, 1990-2020"
SGP,Singapore,HIC,High Income,8,2010.0,2020.0,False,"at least 15 complete years, 1990-2020"
SLB,Solomon Islands,LMC,Low and Middle Income,0,,,False,"at least 15 complete years, 1990-2020"
SLE,Sierra Leone,LIC,Low and Middle Income,2,2000.0,2002.0,False,"at least 15 complete years, 1990-2020"
SLV,El Salvador,UMC,Low and Middle Income,22,1996.0,2020.0,True,"at least 15 complete years, 1990-2020"
SMR,San Marino,HIC,High Income,0,,,False,"at least 15 complete years, 1990-2020"
SOM,"Somalia, Fed. Rep.",LIC,Low and Middle Income,0,,,False,"at least 15 complete years, 1990-2020"
SRB,Serbia,UMC,Low and Middle Income,19,2002.0,2020.0,True,"at least 15 complete years, 1990-2020"
SSD,South Sudan,LIC,Low and Middle Income,0,,,False,"at least 15 complete years, 1990-2020"
STP,Sao Tome and Principe,LMC,Low and Middle Income,5,2009.0,2015.0,False,"at least 15 complete years, 1990-2020"
SUR,Suriname,UMC,Low and Middle Income,3,2002.0,2020.0,False,"at least 15 complete years, 1990-2020"
SVK,Slovak Republic,HIC,High Income,19,2002.0,2020.0,True,"at least 15 complete years, 1990-2020"
SVN,Slovenia,HIC,High Income,19,2002.0,2020.0,True,"at least 15 complete years, 1990-2020"
SWE,Sweden,HIC,High Income,19,2002.0,2020.0,True,"at least 15 complete years, 1990-2020"
SWZ,Eswatini,LMC,Low and Middle Income,8,1996.0,2013.0,False,"at least 15 complete years, 1990-2020"
SXM,Sint Maarten (Dutch part),HIC,High Income,0,,,False,"at least 15 complete years, 1990-2020"
SYC,Seychelles,HIC,High Income,10,2011.0,2020.0,False,"at least 15 complete years, 1990-2020"
SYR,Syrian Arab Republic,LIC,Low and Middle Income,15,2002.0,2016.0,True,"at least 15 complete years, 1990-2020"
TCA,Turks and Caicos Islands,HIC,High Income,0,,,False,"at least 15 complete years, 1990-2020"
TCD,Chad,LIC,Low and Middle Income,13,1996.0,2020.0,False,"at least 15 complete years, 1990-2020"
TGO,Togo,LMC,Low and Middle Income,15,1996.0,2020.0,True,"at least 15 complete years, 1990-2020"
THA,Thailand,UMC,Low and Middle Income,22,1996.0,2020.0,True,"at least 15 complete years, 1990-2020"
TJK,Tajikistan,LMC,Low and Middle Income,18,2000.0,2020.0,True,"at least 15 complete years, 1990-2020"
TKM,Turkmenistan,UMC,Low and Middle Income,3,2014.0,2020.0,False,"at least 15 complete years, 1990-2020"
TLS,Timor-Leste,LMC,Low and Middle Income,3,2002.0,2010.0,False,"at least 15 complete years, 1990-2020"
TON,Tonga,UMC,Low and Middle Income,4,2000.0,2020.0,False,"at least 15 complete years, 1990-2020"
TTO,Trinidad and Tobago,HIC,High Income,4,2000.0,2004.0,False,"at least 15 complete years, 1990-2020"
TUN,Tunisia,LMC,Low and Middle Income,22,1996.0,2020.0,True,"at least 15 complete years, 1990-2020"
TUR,Turkiye,UMC,Low and Middle Income,20,1998.0,2020.0,True,"at least 15 complete years, 1990-2020"
TUV,Tuvalu,UMC,Low and Middle Income,0,,,False,"at least 15 complete years, 1990-2020"
TZA,Tanzania,LMC,Low and Middle Income,17,1996.0,2020.0,True,"at least 15 complete years, 1990-2020"
UGA,Uganda,LIC,Low and Middle Income,12,1996.0,2014.0,False,"at least 15 complete years, 1990-2020"
UKR,Ukraine,UMC,Low and Middle Income,22,1996.0,2020.0,True,"at least 15 complete years, 1990-2020"
URY,Uruguay,HIC,High Income,22,1996.0,2020.0,True,"at least 15 complete years, 1990-2020"
USA,United States,HIC,High Income,11,1996.0,2020.0,False,"at least 15 complete years, 1990-2020"
UZB,Uzbekistan,LMC,Low and Middle Income,20,2000.0,2020.0,True,"at least 15 complete years, 1990-2020"
VCT,St. Vincent and the Grenadines,UMC,Low and Middle Income,11,2010.0,2020.0,False,"at least 15 complete years, 1990-2020"
VEN,"Venezuela, RB",LMC,Low and Middle Income,6,2000.0,2009.0,False,"at least 15 complete years, 1990-2020"
VGB,British Virgin Islands,HIC,High Income,0,,,False,"at least 15 complete years, 1990-2020"
VIR,Virgin Islands (U.S.),HIC,High Income,0,,,False,"at least 15 complete years, 1990-2020"
VNM,Viet Nam,UMC,Low and Middle Income,19,1996.0,2019.0,True,"at least 15 complete years, 1990-2020"
VUT,Vanuatu,LMC,Low and Middle Income,4,2000.0,2004.0,False,"at least 15 complete years, 1990-2020"
WSM,Samoa,UMC,Low and Middle Income,6,1998.0,2020.0,False,"at least 15 complete years, 1990-2020"
XKX,Kosovo,UMC,Low and Middle Income,0,,,False,"at least 15 complete years, 1990-2020"
YEM,"Yemen, Rep.",LIC,Low and Middle Income,10,2002.0,2011.0,False,"at least 15 complete years, 1990-2020"
ZAF,South Africa,UMC,Low and Middle Income,9,2012.0,2020.0,False,"at least 15 complete years, 1990-2020"
ZMB,Zambia,LMC,Low and Middle Income,3,1998.0,2012.0,False,"at least 15 complete years, 1990-2020"
ZWE,Zimbabwe,LMC,Low and Middle Income,5,2010.0,2015.0,False,"at least 15 complete years, 1990-2020"
