country,country_name,income_level_code,income_group,complete_years,first_complete_year,last_complete_year,included,exclusion_reason,coverage_rule,selected_country_set_sha256
ABW,Aruba,HIC,High Income,13,2004,2016,False,insufficient_complete_years,"{""minimum_complete_years"":15,""period"":[1990,2020],""required_variables"":[""GDP_per_capita"",""CO2_per_capita"",""Education_Tertiary"",""Rule_of_Law""]}",17f5fefb766f651dd01b0ddf2b6b7706ebf68c7558c8e644fd152cda67e82ce8
AFG,Afghanistan,LIC,Low and Middle Income,7,2003,2020,False,insufficient_complete_years,"{""minimum_complete_years"":15,""period"":[1990,2020],""required_variables"":[""GDP_per_capita"",""CO2_per_capita"",""Education_Tertiary"",""Rule_of_Law""]}",17f5fefb766f651dd01b0ddf2b6b7706ebf68c7558c8e644fd152cda67e82ce8
AGO,Angola,LMC,Low and Middle Income,10,1998,2016,False,insufficient_complete_years,"{""minimum_complete_years"":15,""period"":[1990,2020],""required_variables"":[""GDP_per_capita"",""CO2_per_capita"",""Education_Tertiary"",""Rule_of_Law""]}",17f5fefb766f651dd01b0ddf2b6b7706ebf68c7558c8e644fd152cda67e82ce8
ALB,Albania,UMC,Low and Middle Income,22,1996,2020,True,included,"{""minimum_complete_years"":15,""period"":[1990,2020],""required_variables"":[""GDP_per_capita"",""CO2_per_capita"",""Education_Tertiary"",""Rule_of_Law""]}",17f5fefb766f651dd01b0ddf2b6b7706ebf68c7558c8e644fd152cda67e82ce8
AND,Andorra,HIC,High Income,15,2002,2020,True,included,"{""minimum_complete_years"":15,""period"":[1990,2020],""required_variables"":[""GDP_per_capita"",""CO2_per_capita"",""Education_Tertiary"",""Rule_of_Law""]}",17f5fefb766f651dd01b0ddf2b6b7706ebf68c7558c8e644fd152cda67e82ce8
ARE,United Arab Emirates,HIC,High Income,3,2018,2020,False,insufficient_complete_years,"{""minimum_complete_years"":15,""period"":[1990,2020],""required_variables"":[""GDP_per_capita"",""CO2_per_capita"",""Education_Tertiary"",""Rule_of_Law""]}",17f5fefb766f651dd01b0ddf2b6b7706ebf68c7558c8e644fd152cda67e82ce8
ARG,Argentina,UMC,Low and Middle Income,21,1998,2020,True,included,"{""minimum_complete_years"":15,""period"":[1990,2020],""required_variables"":[""GDP_per_capita"",""CO2_per_capita"",""Education_Tertiary"",""Rule_of_Law""]}",17f5fefb766f651dd01b0ddf2b6b7706ebf68c7558c8e644fd152cda67e82ce8
ARM,Armenia,UMC,Low and Middle Income,22,1996,2020,True,included,"{""minimum_complete_years"":15,""period"":[1990,2020],""required_variables"":[""GDP_per_capita"",""CO2_per_capita"",""Education_Tertiary"",""Rule_of_Law""]}",17f5fefb766f651dd01b0ddf2b6b7706ebf68c7558c8e644fd152cda67e82ce8
ASM,American Samoa,HIC,High Income,0,,,False,insufficient_complete_years,"{""minimum_complete_years"":15,""period"":[1990,2020],""required_variables"":[""GDP_per_capita"",""CO2_per_capita"",""Education_Tertiary"",""Rule_of_Law""]}",17f5fefb766f651dd01b0ddf2b6b7706ebf68c7558c8e644fd152cda67e82ce8
ATG,Antigua and Barbuda,HIC,High Income,4,2009,2012,False,insufficient_complete_years,"{""minimum_complete_years"":15,""period"":[1990,2020],""required_variables"":[""GDP_per_capita"",""CO2_per_capita"",""Education_Tertiary"",""Rule_of_Law""]}",17f5fefb766f651dd01b0ddf2b6b7706ebf68c7558c8e644fd152cda67e82ce8
AUS,Australia,HIC,High Income,6,2015,2020,False,insufficient_complete_years,"{""minimum_complete_years"":15,""period"":[1990,2020],""required_variables"":[""GDP_per_capita"",""CO2_per_capita"",""Education_Tertiary"",""Rule_of_Law""]}",17f5fefb766f651dd01b0ddf2b6b7706ebf68c7558c8e644fd152cda67e82ce8
AUT,Austria,HIC,High Income,14,2007,2020,False,insufficient_complete_years,"{""minimum_complete_years"":15,""period"":[1990,2020],""required_variables"":[""GDP_per_capita"",""CO2_per_capita"",""Education_Tertiary"",""Rule_of_Law""]}",17f5fefb766f651dd01b0ddf2b6b7706ebf68c7558c8e644fd152cda67e82ce8
AZE,Azerbaijan,UMC,Low and Middle Income,15,2006,2020,True,included,"{""minimum_complete_years"":15,""period"":[1990,2020],""required_variables"":[""GDP_per_capita"",""CO2_per_capita"",""Education_Tertiary"",""Rule_of_Law""]}",17f5fefb766f651dd01b0ddf2b6b7706ebf68c7558c8e644fd152cda67e82ce8
BDI,Burundi,LIC,Low and Middle Income,17,1998,2018,True,included,"{""minimum_complete_years"":15,""period"":[1990,2020],""required_variables"":[""GDP_per_capita"",""CO2_per_capita"",""Education_Tertiary"",""Rule_of_Law""]}",17f5fefb766f651dd01b0ddf2b6b7706ebf68c7558c8e644fd152cda67e82ce8
BEL,Belgium,HIC,High Income,19,2002,2020,True,included,"{""minimum_complete_years"":15,""period"":[1990,2020],""required_variables"":[""GDP_per_capita"",""CO2_per_capita"",""Education_Tertiary"",""Rule_of_Law""]}",17f5fefb766f651dd01b0ddf2b6b7706ebf68c7558c8e644fd152cda67e82ce8
BEN,Benin,LMC,Low and Middle Income,21,1996,2020,True,included,"{""minimum_complete_years"":15,""period"":[1990,2020],""required_variables"":[""GDP_per_capita"",""CO2_per_capita"",""Education_Tertiary"",""Rule_of_Law""]}",17f5fefb766f651dd01b0ddf2b6b7706ebf68c7558c8e644fd152cda67e82ce8
BFA,Burkina Faso,LIC,Low and Middle Income,19,1996,2020,True,included,"{""minimum_complete_years"":15,""period"":[1990,2020],""required_variables"":[""GDP_per_capita"",""CO2_per_capita"",""Education_Tertiary"",""Rule_of_Law""]}",17f5fefb766f651dd01b0ddf2b6b7706ebf68c7558c8e644fd152cda67e82ce8
BGD,Bangladesh,LMC,Low and Middle Income,19,2000,2020,True,included,"{""minimum_complete_years"":15,""period"":[1990,2020],""required_variables"":[""GDP_per_capita"",""CO2_per_capita"",""Education_Tertiary"",""Rule_of_Law""]}",17f5fefb766f651dd01b0ddf2b6b7706ebf68c7558c8e644fd152cda67e82ce8
BGR,Bulgaria,HIC,High Income,19,2002,2020,True,included,"{""minimum_complete_years"":15,""period"":[1990,2020],""required_variables"":[""GDP_per_capita"",""CO2_per_capita"",""Education_Tertiary"",""Rule_of_Law""]}",17f5fefb766f651dd01b0ddf2b6b7706ebf68c7558c8e644fd152cda67e82ce8
BHR,Bahrain,HIC,High Income,14,1996,2020,False,insufficient_complete_years,"{""minimum_complete_years"":15,""period"":[1990,2020],""required_variables"":[""GDP_per_capita"",""CO2_per_capita"",""Education_Tertiary"",""Rule_of_Law""]}",17f5fefb766f651dd01b0ddf2b6b7706ebf68c7558c8e644fd152cda67e82ce8
BHS,"Bahamas, The",HIC,High Income,0,,,False,insufficient_complete_years,"{""minimum_complete_years"":15,""period"":[1990,2020],""required_variables"":[""GDP_per_capita"",""CO2_per_capita"",""Education_Tertiary"",""Rule_of_Law""]}",17f5fefb766f651dd01b0ddf2b6b7706ebf68c7558c8e644fd152cda67e82ce8
BIH,Bosnia and Herzegovina,UMC,Low and Middle Income,20,2000,2020,True,included,"{""minimum_complete_years"":15,""period"":[1990,2020],""required_variables"":[""GDP_per_capita"",""CO2_per_capita"",""Education_Tertiary"",""Rule_of_Law""]}",17f5fefb766f651dd01b0ddf2b6b7706ebf68c7558c8e644fd152cda67e82ce8
BLR,Belarus,UMC,Low and Middle Income,22,1996,2020,True,included,"{""minimum_complete_years"":15,""period"":[1990,2020],""required_variables"":[""GDP_per_capita"",""CO2_per_capita"",""Education_Tertiary"",""Rule_of_Law""]}",17f5fefb766f651dd01b0ddf2b6b7706ebf68c7558c8e644fd152cda67e82ce8
BLZ,Belize,UMC,Low and Middle Income,19,2002,2020,True,included,"{""minimum_complete_years"":15,""period"":[1990,2020],""required_variables"":[""GDP_per_capita"",""CO2_per_capita"",""Education_Tertiary"",""Rule_of_Law""]}",17f5fefb766f651dd01b0ddf2b6b7706ebf68c7558c8e644fd152cda67e82ce8
BMU,Bermuda,HIC,High Income,12,2006,2018,False,insufficient_complete_years,"{""minimum_complete_years"":15,""period"":[1990,2020],""required_variables"":[""GDP_per_capita"",""CO2_per_capita"",""Education_Tertiary"",""Rule_of_Law""]}",17f5fefb766f651dd01b0ddf2b6b7706ebf68c7558c8e644fd152cda67e82ce8
BOL,Bolivia,LMC,Low and Middle Income,0,,,False,insufficient_complete_years,"{""minimum_complete_years"":15,""period"":[1990,2020],""required_variables"":[""GDP_per_capita"",""CO2_per_capita"",""Education_Tertiary"",""Rule_of_Law""]}",17f5fefb766f651dd01b0ddf2b6b7706ebf68c7558c8e644fd152cda67e82ce8
BRA,Brazil,UMC,Low and Middle Income,9,2012,2020,False,insufficient_complete_years,"{""minimum_complete_years"":15,""period"":[1990,2020],""required_variables"":[""GDP_per_capita"",""CO2_per_capita"",""Education_Tertiary"",""Rule_of_Law""]}",17f5fefb766f651dd01b0ddf2b6b7706ebf68c7558c8e644fd152cda67e82ce8
BRB,Barbados,HIC,High Income,14,2000,2020,False,insufficient_complete_years,"{""minimum_complete_years"":15,""period"":[1990,2020],""required_variables"":[""GDP_per_capita"",""CO2_per_capita"",""Education_Tertiary"",""Rule_of_Law""]}",17f5fefb766f651dd01b0ddf2b6b7706ebf68c7558c8e644fd152cda67e82ce8
BRN,Brunei Darussalam,HIC,High Income,21,1998,2020,True,included,"{""minimum_complete_years"":15,""period"":[1990,2020],""required_variables"":[""GDP_per_capita"",""CO2_per_capita"",""Education_Tertiary"",""Rule_of_Law""]}",17f5fefb766f651dd01b0ddf2b6b7706ebf68c7558c8e644fd152cda67e82ce8
BTN,Bhutan,LMC,Low and Middle Income,13,2005,2020,False,insufficient_complete_years,"{""minimum_complete_years"":15,""period"":[1990,2020],""required_variables"":[""GDP_per_capita"",""CO2_per_capita"",""Education_Tertiary"",""Rule_of_Law""]}",17f5fefb766f651dd01b0ddf2b6b7706ebf68c7558c8e644fd152cda67e82ce8
BWA,Botswana,UMC,Low and Middle Income,21,1996,2020,True,included,"{""minimum_complete_years"":15,""period"":[1990,2020],""required_variables"":[""GDP_per_capita"",""CO2_per_capita"",""Education_Tertiary"",""Rule_of_Law""]}",17f5fefb766f651dd01b0ddf2b6b7706ebf68c7558c8e644fd152cda67e82ce8
CAF,Central African Republic,LIC,Low and Middle Income,8,2000,2012,False,insufficient_complete_years,"{""minimum_complete_years"":15,""period"":[1990,2020],""required_variables"":[""GDP_per_capita"",""CO2_per_capita"",""Education_Tertiary"",""Rule_of_Law""]}",17f5fefb766f651dd01b0ddf2b6b7706ebf68c7558c8e644fd152cda67e82ce8
CAN,Canada,HIC,High Income,16,2000,2020,True,included,"{""minimum_complete_years"":15,""period"":[1990,2020],""required_variables"":[""GDP_per_capita"",""CO2_per_capita"",""Education_Tertiary"",""Rule_of_Law""]}",17f5fefb766f651dd01b0ddf2b6b7706ebf68c7558c8e644fd152cda67e82ce8
CHE,Switzerland,HIC,High Income,20,2000,2020,True,included,"{""minimum_complete_years"":15,""period"":[1990,2020],""required_variables"":[""GDP_per_capita"",""CO2_per_capita"",""Education_Tertiary"",""Rule_of_Law""]}",17f5fefb766f651dd01b0ddf2b6b7706ebf68c7558c8e644fd152cda67e82ce8
CHI,Channel Islands,HIC,High Income,0,,,False,insufficient_complete_years,"{""minimum_complete_years"":15,""period"":[1990,2020],""required_variables"":[""GDP_per_capita"",""CO2_per_capita"",""Education_Tertiary"",""Rule_of_Law""]}",17f5fefb766f651dd01b0ddf2b6b7706ebf68c7558c8e644fd152cda67e82ce8
CHL,Chile,HIC,High Income,20,2000,2020,True,included,"{""minimum_complete_years"":15,""period"":[1990,2020],""required_variables"":[""GDP_per_capita"",""CO2_per_capita"",""Education_Tertiary"",""Rule_of_Law""]}",17f5fefb766f651dd01b0ddf2b6b7706ebf68c7558c8e644fd152cda67e82ce8
CHN,China,UMC,Low and Middle Income,22,1996,2020,True,included,"{""minimum_complete_years"":15,""period"":[1990,2020],""required_variables"":[""GDP_per_capita"",""CO2_per_capita"",""Education_Tertiary"",""Rule_of_Law""]}",17f5fefb766f651dd01b0ddf2b6b7706ebf68c7558c8e644fd152cda67e82ce8
CIV,Cote d'Ivoire,LMC,Low and Middle Income,12,2007,2020,False,insufficient_complete_years,"{""minimum_complete_years"":15,""period"":[1990,2020],""required_variables"":[""GDP_per_capita"",""CO2_per_capita"",""Education_Tertiary"",""Rule_of_Law""]}",17f5fefb766f651dd01b0ddf2b6b7706ebf68c7558c8e644fd152cda67e82ce8
CMR,Cameroon,LMC,Low and Middle Income,20,2000,2020,True,included,"{""minimum_complete_years"":15,""period"":[1990,2020],""required_variables"":[""GDP_per_capita"",""CO2_per_capita"",""Education_Tertiary"",""Rule_of_Law""]}",17f5fefb766f651dd01b0ddf2b6b7706ebf68c7558c8e644fd152cda67e82ce8
COD,"Congo, Dem. Rep.",LIC,Low and Middle Income,9,2006,2020,False,insufficient_complete_years,"{""minimum_complete_years"":15,""period"":[1990,2020],""required_variables"":[""GDP_per_capita"",""CO2_per_capita"",""Education_Tertiary"",""Rule_of_Law""]}",17f5fefb766f651dd01b0ddf2b6b7706ebf68c7558c8e644fd152cda67e82ce8
COG,"Congo, Rep.",LMC,Low and Middle Income,8,2000,2017,False,insufficient_complete_years,"{""minimum_complete_years"":15,""period"":[1990,2020],""required_variables"":[""GDP_per_capita"",""CO2_per_capita"",""Education_Tertiary"",""Rule_of_Law""]}",17f5fefb766f651dd01b0ddf2b6b7706ebf68c7558c8e644fd152cda67e82ce8
COL,Colombia,UMC,Low and Middle Income,19,2000,2020,True,included,"{""minimum_complete_years"":15,""period"":[1990,2020],""required_variables"":[""GDP_per_capita"",""CO2_per_capita"",""Education_Tertiary"",""Rule_of_Law""]}",17f5fefb766f651dd01b0ddf2b6b7706ebf68c7558c8e644fd152cda67e82ce8
COM,Comoros,LMC,Low and Middle Income,11,1996,2017,False,insufficient_complete_years,"{""minimum_complete_years"":15,""period"":[1990,2020],""required_variables"":[""GDP_per_capita"",""CO2_per_capita"",""Education_Tertiary"",""Rule_of_Law""]}",17f5fefb766f651dd01b0ddf2b6b7706ebf68c7558c8e644fd152cda67e82ce8
CPV,Cabo Verde,UMC,Low and Middle Income,18,2000,2018,True,included,"{""minimum_complete_years"":15,""period"":[1990,2020],""required_variables"":[""GDP_per_capita"",""CO2_per_capita"",""Education_Tertiary"",""Rule_of_Law""]}",17f5fefb766f651dd01b0ddf2b6b7706ebf68c7558c8e644fd152cda67e82ce8
CRI,Costa Rica,HIC,High Income,10,2004,2019,False,insufficient_complete_years,"{""minimum_complete_years"":15,""period"":[1990,2020],""required_variables"":[""GDP_per_capita"",""CO2_per_capita"",""Education_Tertiary"",""Rule_of_Law""]}",17f5fefb766f651dd01b0ddf2b6b7706ebf68c7558c8e644fd152cda67e82ce8
CUB,Cuba,UMC,Low and Middle Income,22,1996,2020,True,included,"{""minimum_complete_years"":15,""period"":[1990,2020],""required_variables"":[""GDP_per_capita"",""CO2_per_capita"",""Education_Tertiary"",""Rule_of_Law""]}",17f5fefb766f651dd01b0ddf2b6b7706ebf68c7558c8e644fd152cda67e82ce8
CUW,Curacao,HIC,High Income,0,,,False,insufficient_complete_years,"{""minimum_complete_years"":15,""period"":[1990,2020],""required_variables"":[""GDP_per_capita"",""CO2_per_capita"",""Education_Tertiary"",""Rule_of_Law""]}",17f5fefb766f651dd01b0ddf2b6b7706ebf68c7558c8e644fd152cda67e82ce8
CYM,Cayman Islands,HIC,High Income,0,,,False,insufficient_complete_years,"{""minimum_complete_years"":15,""period"":[1990,2020],""required_variables"":[""GDP_per_capita"",""CO2_per_capita"",""Education_Tertiary"",""Rule_of_Law""]}",17f5fefb766f651dd01b0ddf2b6b7706ebf68c7558c8e644fd152cda67e82ce8
CYP,Cyprus,HIC,High Income,19,2002,2020,True,included,"{""minimum_complete_years"":15,""period"":[1990,2020],""required_variables"":[""GDP_per_capita"",""CO2_per_capita"",""Education_Tertiary"",""Rule_of_Law""]}",17f5fefb766f651dd01b0ddf2b6b7706ebf68c7558c8e644fd152cda67e82ce8
CZE,Czechia,HIC,High Income,19,2002,2020,True,included,"{""minimum_complete_years"":15,""period"":[1990,2020],""required_variables"":[""GDP_per_capita"",""CO2_per_capita"",""Education_Tertiary"",""Rule_of_Law""]}",17f5fefb766f651dd01b0ddf2b6b7706ebf68c7558c8e644fd152cda67e82ce8
DEU,Germany,HIC,High Income,8,2013,2020,False,insufficient_complete_years,"{""minimum_complete_years"":15,""period"":[1990,2020],""required_variables"":[""GDP_per_capita"",""CO2_per_capita"",""Education_Tertiary"",""Rule_of_Law""]}",17f5fefb766f651dd01b0ddf2b6b7706ebf68c7558c8e644fd152cda67e82ce8
DJI,Djibouti,LMC,Low and Middle Income,0,,,False,insufficient_complete_years,"{""minimum_complete_years"":15,""period"":[1990,2020],""required_variables"":[""GDP_per_capita"",""CO2_per_capita"",""Education_Tertiary"",""Rule_of_Law""]}",17f5fefb766f651dd01b0ddf2b6b7706ebf68c7558c8e644fd152cda67e82ce8
DMA,Dominica,UMC,Low and Middle Income,0,,,False,insufficient_complete_years,"{""minimum_complete_years"":15,""period"":[1990,2020],""required_variables"":[""GDP_per_capita"",""CO2_per_capita"",""Education_Tertiary"",""Rule_of_Law""]}",17f5fefb766f651dd01b0ddf2b6b7706ebf68c7558c8e644fd152cda67e82ce8
DNK,Denmark,HIC,High Income,19,2002,2020,True,included,"{""minimum_complete_years"":15,""period"":[1990,2020],""required_variables"":[""GDP_per_capita"",""CO2_per_capita"",""Education_Tertiary"",""Rule_of_Law""]}",17f5fefb766f651dd01b0ddf2b6b7706ebf68c7558c8e644fd152cda67e82ce8
DOM,Dominican Republic,UMC,Low and Middle Income,7,2003,2020,False,insufficient_complete_years,"{""minimum_complete_years"":15,""period"":[1990,2020],""required_variables"":[""GDP_per_capita"",""CO2_per_capita"",""Education_Tertiary"",""Rule_of_Law""]}",17f5fefb766f651dd01b0ddf2b6b7706ebf68c7558c8e644fd152cda67e82ce8
DZA,Algeria,UMC,Low and Middle Income,19,1996,2020,True,included,"{""minimum_complete_years"":15,""period"":[1990,2020],""required_variables"":[""GDP_per_capita"",""CO2_per_capita"",""Education_Tertiary"",""Rule_of_Law""]}",17f5fefb766f651dd01b0ddf2b6b7706ebf68c7558c8e644fd152cda67e82ce8
ECU,Ecuador,UMC,Low and Middle Income,7,2008,2020,False,insufficient_complete_years,"{""minimum_complete_years"":15,""period"":[1990,2020],""required_variables"":[""GDP_per_capita"",""CO2_per_capita"",""Education_Tertiary"",""Rule_of_Law""]}",17f5fefb766f651dd01b0ddf2b6b7706ebf68c7558c8e644fd152cda67e82ce8
EGY,"Egypt, Arab Rep.",LMC,Low and Middle Income,19,2002,2020,True,included,"{""minimum_complete_years"":15,""period"":[1990,2020],""required_variables"":[""GDP_per_capita"",""CO2_per_capita"",""Education_Tertiary"",""Rule_of_Law""]}",17f5fefb766f651dd01b0ddf2b6b7706ebf68c7558c8e644fd152cda67e82ce8
ERI,Eritrea,LIC,Low and Middle Income,7,1996,2010,False,insufficient_complete_years,"{""minimum_complete_years"":15,""period"":[1990,2020],""required_variables"":[""GDP_per_capita"",""CO2_per_capita"",""Education_Tertiary"",""Rule_of_Law""]}",17f5fefb766f651dd01b0ddf2b6b7706ebf68c7558c8e644fd152cda67e82ce8
ESP,Spain,HIC,High Income,19,2002,2020,True,included,"{""minimum_complete_years"":15,""period"":[1990,2020],""required_variables"":[""GDP_per_capita"",""CO2_per_capita"",""Education_Tertiary"",""Rule_of_Law""]}",17f5fefb766f651dd01b0ddf2b6b7706ebf68c7558c8e644fd152cda67e82ce8
EST,Estonia,HIC,High Income,19,2002,2020,True,included,"{""minimum_complete_years"":15,""period"":[1990,2020],""required_variables"":[""GDP_per_capita"",""CO2_per_capita"",""Education_Tertiary"",""Rule_of_Law""]}",17f5fefb766f651dd01b0ddf2b6b7706ebf68c7558c8e644fd152cda67e82ce8
ETH,Ethiopia,LIC,Low and Middle Income,13,1996,2014,False,insufficient_complete_years,"{""minimum_complete_years"":15,""period"":[1990,2020],""required_variables"":[""GDP_per_capita"",""CO2_per_capita"",""Education_Tertiary"",""Rule_of_Law""]}",17f5fefb766f651dd01b0ddf2b6b7706ebf68c7558c8e644fd152cda67e82ce8
FIN,Finland,HIC,High Income,19,2002,2020,True,included,"{""minimum_complete_years"":15,""period"":[1990,2020],""required_variables"":[""GDP_per_capita"",""CO2_per_capita"",""Education_Tertiary"",""Rule_of_Law""]}",17f5fefb766f651dd01b0ddf2b6b7706ebf68c7558c8e644fd152cda67e82ce8
FJI,Fiji,UMC,Low and Middle Income,10,2003,2020,False,insufficient_complete_years,"{""minimum_complete_years"":15,""period"":[1990,2020],""required_variables"":[""GDP_per_capita"",""CO2_per_capita"",""Education_Tertiary"",""Rule_of_Law""]}",17f5fefb766f651dd01b0ddf2b6b7706ebf68c7558c8e644fd152cda67e82ce8
FRA,France,HIC,High Income,19,2002,2020,True,included,"{""minimum_complete_years"":15,""period"":[1990,2020],""required_variables"":[""GDP_per_capita"",""CO2_per_capita"",""Education_Tertiary"",""Rule_of_Law""]}",17f5fefb766f651dd01b0ddf2b6b7706ebf68c7558c8e644fd152cda67e82ce8
FRO,Faroe Islands,HIC,High Income,0,,,False,insufficient_complete_years,"{""minimum_complete_years"":15,""period"":[1990,2020],""required_variables"":[""GDP_per_capita"",""CO2_per_capita"",""Education_Tertiary"",""Rule_of_Law""]}",17f5fefb766f651dd01b0ddf2b6b7706ebf68c7558c8e644fd152cda67e82ce8
FSM,"Micronesia, Fed. Sts.",UMC,Low and Middle Income,1,2000,2000,False,insufficient_complete_years,"{""minimum_complete_years"":15,""period"":[1990,2020],""required_variables"":[""GDP_per_capita"",""CO2_per_capita"",""Education_Tertiary"",""Rule_of_Law""]}",17f5fefb766f651dd01b0ddf2b6b7706ebf68c7558c8e644fd152cda67e82ce8
GAB,Gabon,UMC,Low and Middle Income,1,2003,2003,False,insufficient_complete_years,"{""minimum_complete_years"":15,""period"":[1990,2020],""required_variables"":[""GDP_per_capita"",""CO2_per_capita"",""Education_Tertiary"",""Rule_of_Law""]}",17f5fefb766f651dd01b0ddf2b6b7706ebf68c7558c8e644fd152cda67e82ce8
GBR,United Kingdom,HIC,High Income,20,2000,2020,True,included,"{""minimum_complete_years"":15,""period"":[1990,2020],""required_variables"":[""GDP_per_capita"",""CO2_per_capita"",""Education_Tertiary"",""Rule_of_Law""]}",17f5fefb766f651dd01b0ddf2b6b7706ebf68c7558c8e644fd152cda67e82ce8
GEO,Georgia,UMC,Low and Middle Income,21,1996,2020,True,included,"{""minimum_complete_years"":15,""period"":[1990,2020],""required_variables"":[""GDP_per_capita"",""CO2_per_capita"",""Education_Tertiary"",""Rule_of_Law""]}",17f5fefb766f651dd01b0ddf2b6b7706ebf68c7558c8e644fd152cda67e82ce8
GHA,Ghana,LMC,Low and Middle Income,15,2005,2020,True,included,"{""minimum_complete_years"":15,""period"":[1990,2020],""required_variables"":[""GDP_per_capita"",""CO2_per_capita"",""Education_Tertiary"",""Rule_of_Law""]}",17f5fefb766f651dd01b0ddf2b6b7706ebf68c7558c8e644fd152cda67e82ce8
GIB,Gibraltar,HIC,High Income,0,,,False,insufficient_complete_years,"{""minimum_complete_years"":15,""period"":[1990,2020],""required_variables"":[""GDP_per_capita"",""CO2_per_capita"",""Education_Tertiary"",""Rule_of_Law""]}",17f5fefb766f651dd01b0ddf2b6b7706ebf68c7558c8e644fd152cda67e82ce8
GIN,Guinea,LMC,Low and Middle Income,13,1996,2014,False,insufficient_complete_years,"{""minimum_complete_years"":15,""period"":[1990,2020],""required_variables"":[""GDP_per_capita"",""CO2_per_capita"",""Education_Tertiary"",""Rule_of_Law""]}",17f5fefb766f651dd01b0ddf2b6b7706ebf68c7558c8e644fd152cda67e82ce8
GMB,"Gambia, The",LIC,Low and Middle Income,4,2004,2012,False,insufficient_complete_years,"{""minimum_complete_years"":15,""period"":[1990,2020],""required_variables"":[""GDP_per_capita"",""CO2_per_capita"",""Education_Tertiary"",""Rule_of_Law""]}",17f5fefb766f651dd01b0ddf2b6b7706ebf68c7558c8e644fd152cda67e82ce8
GNB,Guinea-Bissau,LIC,Low and Middle Income,2,2005,2006,False,insufficient_complete_years,"{""minimum_complete_years"":15,""period"":[1990,2020],""required_variables"":[""GDP_per_capita"",""CO2_per_capita"",""Education_Tertiary"",""Rule_of_Law""]}",17f5fefb766f651dd01b0ddf2b6b7706ebf68c7558c8e644fd152cda67e82ce8
GNQ,Equatorial Guinea,UMC,Low and Middle Income,1,2000,2000,False,insufficient_complete_years,"{""minimum_complete_years"":15,""period"":[1990,2020],""required_variables"":[""GDP_per_capita"",""CO2_per_capita"",""Education_Tertiary"",""Rule_of_Law""]}",17f5fefb766f651dd01b0ddf2b6b7706ebf68c7558c8e644fd152cda67e82ce8
GRC,Greece,HIC,High Income,17,2000,2020,True,included,"{""minimum_complete_years"":15,""period"":[1990,2020],""required_variables"":[""GDP_per_capita"",""CO2_per_capita"",""Education_Tertiary"",""Rule_of_Law""]}",17f5fefb766f651dd01b0ddf2b6b7706ebf68c7558c8e644fd152cda67e82ce8
GRD,Grenada,UMC,Low and Middle Income,5,2009,2018,False,insufficient_complete_years,"{""minimum_complete_years"":15,""period"":[1990,2020],""required_variables"":[""GDP_per_capita"",""CO2_per_capita"",""Education_Tertiary"",""Rule_of_Law""]}",17f5fefb766f651dd01b0ddf2b6b7706ebf68c7558c8e644fd152cda67e82ce8
GRL,Greenland,HIC,High Income,0,,,False,insufficient_complete_years,"{""minimum_complete_years"":15,""period"":[1990,2020],""required_variables"":[""GDP_per_capita"",""CO2_per_capita"",""Education_Tertiary"",""Rule_of_Law""]}",17f5fefb766f651dd01b0ddf2b6b7706ebf68c7558c8e644fd152cda67e82ce8
GTM,Guatemala,UMC,Low and Middle Income,10,2002,2019,False,insufficient_complete_years,"{""minimum_complete_years"":15,""period"":[1990,2020],""required_variables"":[""GDP_per_capita"",""CO2_per_capita"",""Education_Tertiary"",""Rule_of_Law""]}",17f5fefb766f651dd01b0ddf2b6b7706ebf68c7558c8e644fd152cda67e82ce8
GUM,Guam,HIC,High Income,0,,,False,insufficient_complete_years,"{""minimum_complete_years"":15,""period"":[1990,2020],""required_variables"":[""GDP_per_capita"",""CO2_per_capita"",""Education_Tertiary"",""Rule_of_Law""]}",17f5fefb766f651dd01b0ddf2b6b7706ebf68c7558c8e644fd152cda67e82ce8
GUY,Guyana,HIC,High Income,11,1996,2012,False,insufficient_complete_years,"{""minimum_complete_years"":15,""period"":[1990,2020],""required_variables"":[""GDP_per_capita"",""CO2_per_capita"",""Education_Tertiary"",""Rule_of_Law""]}",17f5fefb766f651dd01b0ddf2b6b7706ebf68c7558c8e644fd152cda67e82ce8
HKG,"Hong Kong SAR, China",HIC,High Income,18,2003,2020,True,included,"{""minimum_complete_years"":15,""period"":[1990,2020],""required_variables"":[""GDP_per_capita"",""CO2_per_capita"",""Education_Tertiary"",""Rule_of_Law""]}",17f5fefb766f651dd01b0ddf2b6b7706ebf68c7558c8e644fd152cda67e82ce8
HND,Honduras,LMC,Low and Middle Income,15,1996,2019,True,included,"{""minimum_complete_years"":15,""period"":[1990,2020],""required_variables"":[""GDP_per_capita"",""CO2_per_capita"",""Education_Tertiary"",""Rule_of_Law""]}",17f5fefb766f651dd01b0ddf2b6b7706ebf68c7558c8e644fd152cda67e82ce8
HRV,Croatia,HIC,High Income,19,2002,2020,True,included,"{""minimum_complete_years"":15,""period"":[1990,2020],""required_variables"":[""GDP_per_capita"",""CO2_per_capita"",""Education_Tertiary"",""Rule_of_Law""]}",17f5fefb766f651dd01b0ddf2b6b7706ebf68c7558c8e644fd152cda67e82ce8
HTI,Haiti,LMC,Low and Middle Income,0,,,False,insufficient_complete_years,"{""minimum_complete_years"":15,""period"":[1990,2020],""required_variables"":[""GDP_per_capita"",""CO2_per_capita"",""Education_Tertiary"",""Rule_of_Law""]}",17f5fefb766f651dd01b0ddf2b6b7706ebf68c7558c8e644fd152cda67e82ce8
HUN,Hungary,HIC,High Income,19,2002,2020,True,included,"{""minimum_complete_years"":15,""period"":[1990,2020],""required_variables"":[""GDP_per_capita"",""CO2_per_capita"",""Education_Tertiary"",""Rule_of_Law""]}",17f5fefb766f651dd01b0ddf2b6b7706ebf68c7558c8e644fd152cda67e82ce8
IDN,Indonesia,UMC,Low and Middle Income,22,1996,2020,True,included,"{""minimum_complete_years"":15,""period"":[1990,2020],""required_variables"":[""GDP_per_capita"",""CO2_per_capita"",""Education_Tertiary"",""Rule_of_Law""]}",17f5fefb766f651dd01b0ddf2b6b7706ebf68c7558c8e644fd152cda67e82ce8
IMN,Isle of Man,HIC,High Income,0,,,False,insufficient_complete_years,"{""minimum_complete_years"":15,""period"":[1990,2020],""required_variables"":[""GDP_per_capita"",""CO2_per_capita"",""Education_Tertiary"",""Rule_of_Law""]}",17f5fefb766f651dd01b0ddf2b6b7706ebf68c7558c8e644fd152cda67e82ce8
IND,India,LMC,Low and Middle Income,21,1996,2020,True,included,"{""minimum_complete_years"":15,""period"":[1990,2020],""required_variables"":[""GDP_per_capita"",""CO2_per_capita"",""Education_Tertiary"",""Rule_of_Law""]}",17f5fefb766f651dd01b0ddf2b6b7706ebf68c7558c8e644fd152cda67e82ce8
IRL,Ireland,HIC,High Income,19,2002,2020,True,included,"{""minimum_complete_years"":15,""period"":[1990,2020],""required_variables"":[""GDP_per_capita"",""CO2_per_capita"",""Education_Tertiary"",""Rule_of_Law""]}",17f5fefb766f651dd01b0ddf2b6b7706ebf68c7558c8e644fd152cda67e82ce8
IRN,"Iran, Islamic Rep.",UMC,Low and Middle Income,21,1996,2020,True,included,"{""minimum_complete_years"":15,""period"":[1990,2020],""required_variables"":[""GDP_per_capita"",""CO2_per_capita"",""Education_Tertiary"",""Rule_of_Law""]}",17f5fefb766f651dd01b0ddf2b6b7706ebf68c7558c8e644fd152cda67e82ce8
IRQ,Iraq,UMC,Low and Middle Income,4,2000,2005,False,insufficient_complete_years,"{""minimum_complete_years"":15,""period"":[1990,2020],""required_variables"":[""GDP_per_capita"",""CO2_per_capita"",""Education_Tertiary"",""Rule_of_Law""]}",17f5fefb766f651dd01b0ddf2b6b7706ebf68c7558c8e644fd152cda67e82ce8
ISL,Iceland,HIC,High Income,22,1996,2020,True,included,"{""minimum_complete_years"":15,""period"":[1990,2020],""required_variables"":[""GDP_per_capita"",""CO2_per_capita"",""Education_Tertiary"",""Rule_of_Law""]}",17f5fefb766f651dd01b0ddf2b6b7706ebf68c7558c8e644fd152cda67e82ce8
ISR,Israel,HIC,High Income,19,2002,2020,True,included,"{""minimum_complete_years"":15,""period"":[1990,2020],""required_variables"":[""GDP_per_capita"",""CO2_per_capita"",""Education_Tertiary"",""Rule_of_Law""]}",17f5fefb766f651dd01b0ddf2b6b7706ebf68c7558c8e644fd152cda67e82ce8
ITA,Italy,HIC,High Income,19,2002,2020,True,included,"{""minimum_complete_years"":15,""period"":[1990,2020],""required_variables"":[""GDP_per_capita"",""CO2_per_capita"",""Education_Tertiary"",""Rule_of_Law""]}",17f5fefb766f651dd01b0ddf2b6b7706ebf68c7558c8e644fd152cda67e82ce8
JAM,Jamaica,UMC,Low and Middle Income,13,2000,2015,False,insufficient_complete_years,"{""minimum_complete_years"":15,""period"":[1990,2020],""required_variables"":[""GDP_per_capita"",""CO2_per_capita"",""Education_Tertiary"",""Rule_of_Law""]}",17f5fefb766f651dd01b0ddf2b6b7706ebf68c7558c8e644fd152cda67e82ce8
JOR,Jordan,UMC,Low and Middle Income,19,1996,2020,True,included,"{""minimum_complete_years"":15,""period"":[1990,2020],""required_variables"":[""GDP_per_capita"",""CO2_per_capita"",""Education_Tertiary"",""Rule_of_Law""]}",17f5fefb766f651dd01b0ddf2b6b7706ebf68c7558c8e644fd152cda67e82ce8
JPN,Japan,HIC,High Income,8,2013,2020,False,insufficient_complete_years,"{""minimum_complete_years"":15,""period"":[1990,2020],""required_variables"":[""GDP_per_capita"",""CO2_per_capita"",""Education_Tertiary"",""Rule_of_Law""]}",17f5fefb766f651dd01b0ddf2b6b7706ebf68c7558c8e644fd152cda67e82ce8
KAZ,Kazakhstan,UMC,Low and Middle Income,14,1996,2020,False,insufficient_complete_years,"{""minimum_complete_years"":15,""period"":[1990,2020],""required_variables"":[""GDP_per_capita"",""CO2_per_capita"",""Education_Tertiary"",""Rule_of_Law""]}",17f5fefb766f651dd01b0ddf2b6b7706ebf68c7558c8e644fd152cda67e82ce8
KEN,Kenya,LMC,Low and Middle Income,9,2000,2019,False,insufficient_complete_years,"{""minimum_complete_years"":15,""period"":[1990,2020],""required_variables"":[""GDP_per_capita"",""CO2_per_capita"",""Education_Tertiary"",""Rule_of_Law""]}",17f5fefb766f651dd01b0ddf2b6b7706ebf68c7558c8e644fd152cda67e82ce8
KGZ,Kyrgyz Republic,LMC,Low and Middle Income,22,1996,2020,True,included,"{""minimum_complete_years"":15,""period"":[1990,2020],""required_variables"":[""GDP_per_capita"",""CO2_per_capita"",""Education_Tertiary"",""Rule_of_Law""]}",17f5fefb766f651dd01b0ddf2b6b7706ebf68c7558c8e644fd152cda67e82ce8
KHM,Cambodia,LMC,Low and Middle Income,17,1996,2020,True,included,"{""minimum_complete_years"":15,""period"":[1990,2020],""required_variables"":[""GDP_per_capita"",""CO2_per_capita"",""Education_Tertiary"",""Rule_of_Law""]}",17f5fefb766f651dd01b0ddf2b6b7706ebf68c7558c8e644fd152cda67e82ce8
KIR,Kiribati,LMC,Low and Middle Income,0,,,False,insufficient_complete_years,"{""minimum_complete_years"":15,""period"":[1990,2020],""required_variables"":[""GDP_per_capita"",""CO2_per_capita"",""Education_Tertiary"",""Rule_of_Law""]}",17f5fefb766f651dd01b0ddf2b6b7706ebf68c7558c8e644fd152cda67e82ce8
KNA,St. Kitts and Nevis,HIC,High Income,3,2008,2015,False,insufficient_complete_years,"{""minimum_complete_years"":15,""period"":[1990,2020],""required_variables"":[""GDP_per_capita"",""CO2_per_capita"",""Education_Tertiary"",""Rule_of_Law""]}",17f5fefb766f651dd01b0ddf2b6b7706ebf68c7558c8e644fd152cda67e82ce8
KOR,"Korea, Rep.",HIC,High Income,20,2000,2020,True,included,"{""minimum_complete_years"":15,""period"":[1990,2020],""required_variables"":[""GDP_per_capita"",""CO2_per_capita"",""Education_Tertiary"",""Rule_of_Law""]}",17f5fefb766f651dd01b0ddf2b6b7706ebf68c7558c8e644fd152cda67e82ce8
KWT,Kuwait,HIC,High Income,11,1996,2020,False,insufficient_complete_years,"{""minimum_complete_years"":15,""period"":[1990,2020],""required_variables"":[""GDP_per_capita"",""CO2_per_capita"",""Education_Tertiary"",""Rule_of_Law""]}",17f5fefb766f651dd01b0ddf2b6b7706ebf68c7558c8e644fd152cda67e82ce8
LAO,Lao PDR,LMC,Low and Middle Income,22,1996,2020,True,included,"{""minimum_complete_years"":15,""period"":[1990,2020],""required_variables"":[""GDP_per_capita"",""CO2_per_capita"",""Education_Tertiary"",""Rule_of_Law""]}",17f5fefb766f651dd01b0ddf2b6b7706ebf68c7558c8e644fd152cda67e82ce8
LBN,Lebanon,LMC,Low and Middle Income,21,1996,2020,True,included,"{""minimum_complete_years"":15,""period"":[1990,2020],""required_variables"":[""GDP_per_capita"",""CO2_per_capita"",""Education_Tertiary"",""Rule_of_Law""]}",17f5fefb766f651dd01b0ddf2b6b7706ebf68c7558c8e644fd152cda67e82ce8
LBR,Liberia,LIC,Low and Middle Income,3,2000,2012,False,insufficient_complete_years,"{""minimum_complete_years"":15,""period"":[1990,2020],""required_variables"":[""GDP_per_capita"",""CO2_per_capita"",""Education_Tertiary"",""Rule_of_Law""]}",17f5fefb766f651dd01b0ddf2b6b7706ebf68c7558c8e644fd152cda67e82ce8
LBY,Libya,UMC,Low and Middle Income,3,2000,2003,False,insufficient_complete_years,"{""minimum_complete_years"":15,""period"":[1990,2020],""required_variables"":[""GDP_per_capita"",""CO2_per_capita"",""Education_Tertiary"",""Rule_of_Law""]}",17f5fefb766f651dd01b0ddf2b6b7706ebf68c7558c8e644fd152cda67e82ce8
LCA,St. Lucia,UMC,Low and Middle Income,18,1996,2020,True,included,"{""minimum_complete_years"":15,""period"":[1990,2020],""required_variables"":[""GDP_per_capita"",""CO2_per_capita"",""Education_Tertiary"",""Rule_of_Law""]}",17f5fefb766f651dd01b0ddf2b6b7706ebf68c7558c8e644fd152cda67e82ce8
LIE,Liechtenstein,HIC,High Income,1,2015,2015,False,insufficient_complete_years,"{""minimum_complete_years"":15,""period"":[1990,2020],""required_variables"":[""GDP_per_capita"",""CO2_per_capita"",""Education_Tertiary"",""Rule_of_Law""]}",17f5fefb766f651dd01b0ddf2b6b7706ebf68c7558c8e644fd152cda67e82ce8
LKA,Sri Lanka,UMC,Low and Middle Income,11,2010,2020,False,insufficient_complete_years,"{""minimum_complete_years"":15,""period"":[1990,2020],""required_variables"":[""GDP_per_capita"",""CO2_per_capita"",""Education_Tertiary"",""Rule_of_Law""]}",17f5fefb766f651dd01b0ddf2b6b7706ebf68c7558c8e644fd152cda67e82ce8
LSO,Lesotho,LMC,Low and Middle Income,12,1996,2018,False,insufficient_complete_years,"{""minimum_complete_years"":15,""period"":[1990,2020],""required_variables"":[""GDP_per_capita"",""CO2_per_capita"",""Education_Tertiary"",""Rule_of_Law""]}",17f5fefb766f651dd01b0ddf2b6b7706ebf68c7558c8e644fd152cda67e82ce8
LTU,Lithuania,HIC,High Income,19,2002,2020,True,included,"{""minimum_complete_years"":15,""period"":[1990,2020],""required_variables"":[""GDP_per_capita"",""CO2_per_capita"",""Education_Tertiary"",""Rule_of_Law""]}",17f5fefb766f651dd01b0ddf2b6b7706ebf68c7558c8e644fd152cda67e82ce8
LUX,Luxembourg,HIC,High Income,12,2002,2020,False,insufficient_complete_years,"{""minimum_complete_years"":15,""period"":[1990,2020],""required_variables"":[""GDP_per_capita"",""CO2_per_capita"",""Education_Tertiary"",""Rule_of_Law""]}",17f5fefb766f651dd01b0ddf2b6b7706ebf68c7558c8e644fd152cda67e82ce8
LVA,Latvia,HIC,High Income,19,2002,2020,True,included,"{""minimum_complete_years"":15,""period"":[1990,2020],""required_variables"":[""GDP_per_capita"",""CO2_per_capita"",""Education_Tertiary"",""Rule_of_Law""]}",17f5fefb766f651dd01b0ddf2b6b7706ebf68c7558c8e644fd152cda67e82ce8
MAC,"Macao SAR, China",HIC,High Income,19,2002,2020,True,included,"{""minimum_complete_years"":15,""period"":[1990,2020],""required_variables"":[""GDP_per_capita"",""CO2_per_capita"",""Education_Tertiary"",""Rule_of_Law""]}",17f5fefb766f651dd01b0ddf2b6b7706ebf68c7558c8e644fd152cda67e82ce8
MAF,St. Martin (French part),HIC,High Income,0,,,False,insufficient_complete_years,"{""minimum_complete_years"":15,""period"":[1990,2020],""required_variables"":[""GDP_per_capita"",""CO2_per_capita"",""Education_Tertiary"",""Rule_of_Law""]}",17f5fefb766f651dd01b0ddf2b6b7706ebf68c7558c8e644fd152cda67e82ce8
MAR,Morocco,LMC,Low and Middle Income,21,1998,2020,True,included,"{""minimum_complete_years"":15,""period"":[1990,2020],""required_variables"":[""GDP_per_capita"",""CO2_per_capita"",""Education_Tertiary"",""Rule_of_Law""]}",17f5fefb766f651dd01b0ddf2b6b7706ebf68c7558c8e644fd152cda67e82ce8
MCO,Monaco,HIC,High Income,0,,,False,insufficient_complete_years,"{""minimum_complete_years"":15,""period"":[1990,2020],""required_variables"":[""GDP_per_capita"",""CO2_per_capita"",""Education_Tertiary"",""Rule_of_Law""]}",17f5fefb766f651dd01b0ddf2b6b7706ebf68c7558c8e644fd152cda67e82ce8
MDA,Moldova,UMC,Low and Middle Income,11,2010,2020,False,insufficient_complete_years,"{""minimum_complete_years"":15,""period"":[1990,2020],""required_variables"":[""GDP_per_capita"",""CO2_per_capita"",""Education_Tertiary"",""Rule_of_Law""]}",17f5fefb766f651dd01b0ddf2b6b7706ebf68c7558c8e644fd152cda67e82ce8
MDG,Madagascar,LIC,Low and Middle Income,22,1996,2020,True,included,"{""minimum_complete_years"":15,""period"":[1990,2020],""required_variables"":[""GDP_per_capita"",""CO2_per_capita"",""Education_Tertiary"",""Rule_of_Law""]}",17f5fefb766f651dd01b0ddf2b6b7706ebf68c7558c8e644fd152cda67e82ce8
MDV,Maldives,UMC,Low and Middle Income,7,2003,2020,False,insufficient_complete_years,"{""minimum_complete_years"":15,""period"":[1990,2020],""required_variables"":[""GDP_per_capita"",""CO2_per_capita"",""Education_Tertiary"",""Rule_of_Law""]}",17f5fefb766f651dd01b0ddf2b6b7706ebf68c7558c8e644fd152cda67e82ce8
MEX,Mexico,UMC,Low and Middle Income,20,2000,2020,True,included,"{""minimum_complete_years"":15,""period"":[1990,2020],""required_variables"":[""GDP_per_capita"",""CO2_per_capita"",""Education_Tertiary"",""Rule_of_Law""]}",17f5fefb766f651dd01b0ddf2b6b7706ebf68c7558c8e644fd152cda67e82ce8
MHL,Marshall Islands,UMC,Low and Middle Income,5,2002,2019,False,insufficient_complete_years,"{""minimum_complete_years"":15,""period"":[1990,2020],""required_variables"":[""GDP_per_capita"",""CO2_per_capita"",""Education_Tertiary"",""Rule_of_Law""]}",17f5fefb766f651dd01b0ddf2b6b7706ebf68c7558c8e644fd152cda67e82ce8
MKD,North Macedonia,UMC,Low and Middle Income,20,1996,2020,True,included,"{""minimum_complete_years"":15,""period"":[1990,2020],""required_variables"":[""GDP_per_capita"",""CO2_per_capita"",""Education_Tertiary"",""Rule_of_Law""]}",17f5fefb766f651dd01b0ddf2b6b7706ebf68c7558c8e644fd152cda67e82ce8
MLI,Mali,LIC,Low and Middle Income,12,1996,2015,False,insufficient_complete_years,"{""minimum_complete_years"":15,""period"":[1990,2020],""required_variables"":[""GDP_per_capita"",""CO2_per_capita"",""Education_Tertiary"",""Rule_of_Law""]}",17f5fefb766f651dd01b0ddf2b6b7706ebf68c7558c8e644fd152cda67e82ce8
MLT,Malta,HIC,High Income,19,2002,2020,True,included,"{""minimum_complete_years"":15,""period"":[1990,2020],""required_variables"":[""GDP_per_capita"",""CO2_per_capita"",""Education_Tertiary"",""Rule_of_Law""]}",17f5fefb766f651dd01b0ddf2b6b7706ebf68c7558c8e644fd152cda67e82ce8
MMR,Myanmar,LMC,Low and Middle Income,5,1998,2018,False,insufficient_complete_years,"{""minimum_complete_years"":15,""period"":[1990,2020],""required_variables"":[""GDP_per_capita"",""CO2_per_capita"",""Education_Tertiary"",""Rule_of_Law""]}",17f5fefb766f651dd01b0ddf2b6b7706ebf68c7558c8e644fd152cda67e82ce8
MNE,Montenegro,UMC,Low and Middle Income,20,2000,2020,True,included,"{""minimum_complete_years"":15,""period"":[1990,2020],""required_variables"":[""GDP_per_capita"",""CO2_per_capita"",""Education_Tertiary"",""Rule_of_Law""]}",17f5fefb766f651dd01b0ddf2b6b7706ebf68c7558c8e644fd152cda67e82ce8
MNG,Mongolia,UMC,Low and Middle Income,22,1996,2020,True,included,"{""minimum_complete_years"":15,""period"":[1990,2020],""required_variables"":[""GDP_per_capita"",""CO2_per_capita"",""Education_Tertiary"",""Rule_of_Law""]}",17f5fefb766f651dd01b0ddf2b6b7706ebf68c7558c8e644fd152cda67e82ce8
MNP,Northern Mariana Islands,HIC,High Income,0,,,False,insufficient_complete_years,"{""minimum_complete_years"":15,""period"":[1990,2020],""required_variables"":[""GDP_per_capita"",""CO2_per_capita"",""Education_Tertiary"",""Rule_of_Law""]}",17f5fefb766f651dd01b0ddf2b6b7706ebf68c7558c8e644fd152cda67e82ce8
MOZ,Mozambique,LIC,Low and Middle Income,19,1996,2018,True,included,"{""minimum_complete_years"":15,""period"":[1990,2020],""required_variables"":[""GDP_per_capita"",""CO2_per_capita"",""Education_Tertiary"",""Rule_of_Law""]}",17f5fefb766f651dd01b0ddf2b6b7706ebf68c7558c8e644fd152cda67e82ce8
MRT,Mauritania,LMC,Low and Middle Income,20,1996,2020,True,included,"{""minimum_complete_years"":15,""period"":[1990,2020],""required_variables"":[""GDP_per_capita"",""CO2_per_capita"",""Education_Tertiary"",""Rule_of_Law""]}",17f5fefb766f651dd01b0ddf2b6b7706ebf68c7558c8e644fd152cda67e82ce8
MUS,Mauritius,UMC,Low and Middle Income,21,1996,2020,True,included,"{""minimum_complete_years"":15,""period"":[1990,2020],""required_variables"":[""GDP_per_capita"",""CO2_per_capita"",""Education_Tertiary"",""Rule_of_Law""]}",17f5fefb766f651dd01b0ddf2b6b7706ebf68c7558c8e644fd152cda67e82ce8
MWI,Malawi,LIC,Low and Middle Income,15,1996,2020,True,included,"{""minimum_complete_years"":15,""period"":[1990,2020],""required_variables"":[""GDP_per_capita"",""CO2_per_capita"",""Education_Tertiary"",""Rule_of_Law""]}",17f5fefb766f651dd01b0ddf2b6b7706ebf68c7558c8e644fd152cda67e82ce8
MYS,Malaysia,UMC,Low and Middle Income,21,1998,2020,True,included,"{""minimum_complete_years"":15,""period"":[1990,2020],""required_variables"":[""GDP_per_capita"",""CO2_per_capita"",""Education_Tertiary"",""Rule_of_Law""]}",17f5fefb766f651dd01b0ddf2b6b7706ebf68c7558c8e644fd152cda67e82ce8
NAM,Namibia,LMC,Low and Middle Income,15,1998,2020,True,included,"{""minimum_complete_years"":15,""period"":[1990,2020],""required_variables"":[""GDP_per_capita"",""CO2_per_capita"",""Education_Tertiary"",""Rule_of_Law""]}",17f5fefb766f651dd01b0ddf2b6b7706ebf68c7558c8e644fd152cda67e82ce8
NCL,New Caledonia,HIC,High Income,0,,,False,insufficient_complete_years,"{""minimum_complete_years"":15,""period"":[1990,2020],""required_variables"":[""GDP_per_capita"",""CO2_per_capita"",""Education_Tertiary"",""Rule_of_Law""]}",17f5fefb766f651dd01b0ddf2b6b7706ebf68c7558c8e644fd152cda67e82ce8
NER,Niger,LIC,Low and Middle Income,15,2003,2019,True,included,"{""minimum_complete_years"":15,""period"":[1990,2020],""required_variables"":[""GDP_per_capita"",""CO2_per_capita"",""Education_Tertiary"",""Rule_of_Law""]}",17f5fefb766f651dd01b0ddf2b6b7706ebf68c7558c8e644fd152cda67e82ce8
NGA,Nigeria,LMC,Low and Middle Income,5,2003,2011,False,insufficient_complete_years,"{""minimum_complete_years"":15,""period"":[1990,2020],""required_variables"":[""GDP_per_capita"",""CO2_per_capita"",""Education_Tertiary"",""Rule_of_Law""]}",17f5fefb766f651dd01b0ddf2b6b7706ebf68c7558c8e644fd152cda67e82ce8
NIC,Nicaragua,LMC,Low and Middle Income,1,2002,2002,False,insufficient_complete_years,"{""minimum_complete_years"":15,""period"":[1990,2020],""required_variables"":[""GDP_per_capita"",""CO2_per_capita"",""Education_Tertiary"",""Rule_of_Law""]}",17f5fefb766f651dd01b0ddf2b6b7706ebf68c7558c8e644fd152cda67e82ce8
NLD,Netherlands,HIC,High Income,16,2002,2020,True,included,"{""minimum_complete_years"":15,""period"":[1990,2020],""required_variables"":[""GDP_per_capita"",""CO2_per_capita"",""Education_Tertiary"",""Rule_of_Law""]}",17f5fefb766f651dd01b0ddf2b6b7706ebf68c7558c8e644fd152cda67e82ce8
NOR,Norway,HIC,High Income,19,2002,2020,True,included,"{""minimum_complete_years"":15,""period"":[1990,2020],""required_variables"":[""GDP_per_capita"",""CO2_per_capita"",""Education_Tertiary"",""Rule_of_Law""]}",17f5fefb766f651dd01b0ddf2b6b7706ebf68c7558c8e644fd152cda67e82ce8
NPL,Nepal,LMC,Low and Middle Income,20,1996,2020,True,included,"{""minimum_complete_years"":15,""period"":[1990,2020],""required_variables"":[""GDP_per_capita"",""CO2_per_capita"",""Education_Tertiary"",""Rule_of_Law""]}",17f5fefb766f651dd01b0ddf2b6b7706ebf68c7558c8e644fd152cda67e82ce8
NRU,Naoero,HIC,High Income,0,,,False,insufficient_complete_years,"{""minimum_complete_years"":15,""period"":[1990,2020],""required_variables"":[""GDP_per_capita"",""CO2_per_capita"",""Education_Tertiary"",""Rule_of_Law""]}",17f5fefb766f651dd01b0ddf2b6b7706ebf68c7558c8e644fd152cda67e82ce8
NZL,New Zealand,HIC,High Income,8,2013,2020,False,insufficient_complete_years,"{""minimum_complete_years"":15,""period"":[1990,2020],""required_variables"":[""GDP_per_capita"",""CO2_per_capita"",""Education_Tertiary"",""Rule_of_Law""]}",17f5fefb766f651dd01b0ddf2b6b7706ebf68c7558c8e644fd152cda67e82ce8
OMN,Oman,HIC,High Income,19,1996,2020,True,included,"{""minimum_complete_years"":15,""period"":[1990,2020],""required_variables"":[""GDP_per_capita"",""CO2_per_capita"",""Education_Tertiary"",""Rule_of_Law""]}",17f5fefb766f651dd01b0ddf2b6b7706ebf68c7558c8e644fd152cda67e82ce8
PAK,Pakistan,LMC,Low and Middle Income,18,2003,2020,True,included,"{""minimum_complete_years"":15,""period"":[1990,2020],""required_variables"":[""GDP_per_capita"",""CO2_per_capita"",""Education_Tertiary"",""Rule_of_Law""]}",17f5fefb766f651dd01b0ddf2b6b7706ebf68c7558c8e644fd152cda67e82ce8
PAN,Panama,HIC,High Income,18,1996,2020,True,included,"{""minimum_complete_years"":15,""period"":[1990,2020],""required_variables"":[""GDP_per_capita"",""CO2_per_capita"",""Education_Tertiary"",""Rule_of_Law""]}",17f5fefb766f651dd01b0ddf2b6b7706ebf68c7558c8e644fd152cda67e82ce8
PER,Peru,UMC,Low and Middle Income,9,1996,2017,False,insufficient_complete_years,"{""minimum_complete_years"":15,""period"":[1990,2020],""required_variables"":[""GDP_per_capita"",""CO2_per_capita"",""Education_Tertiary"",""Rule_of_Law""]}",17f5fefb766f651dd01b0ddf2b6b7706ebf68c7558c8e644fd152cda67e82ce8
PHL,Philippines,UMC,Low and Middle Income,20,1996,2020,True,included,"{""minimum_complete_years"":15,""period"":[1990,2020],""required_variables"":[""GDP_per_capita"",""CO2_per_capita"",""Education_Tertiary"",""Rule_of_Law""]}",17f5fefb766f651dd01b0ddf2b6b7706ebf68c7558c8e644fd152cda67e82ce8
PLW,Palau,HIC,High Income,3,2000,2013,False,insufficient_complete_years,"{""minimum_complete_years"":15,""period"":[1990,2020],""required_variables"":[""GDP_per_capita"",""CO2_per_capita"",""Education_Tertiary"",""Rule_of_Law""]}",17f5fefb766f651dd01b0ddf2b6b7706ebf68c7558c8e644fd152cda67e82ce8
PNG,Papua New Guinea,LMC,Low and Middle Income,2,1996,1998,False,insufficient_complete_years,"{""minimum_complete_years"":15,""period"":[1990,2020],""required_variables"":[""GDP_per_capita"",""CO2_per_capita"",""Education_Tertiary"",""Rule_of_Law""]}",17f5fefb766f651dd01b0ddf2b6b7706ebf68c7558c8e644fd152cda67e82ce8
POL,Poland,HIC,High Income,19,2002,2020,True,included,"{""minimum_complete_years"":15,""period"":[1990,2020],""required_variables"":[""GDP_per_capita"",""CO2_per_capita"",""Education_Tertiary"",""Rule_of_Law""]}",17f5fefb766f651dd01b0ddf2b6b7706ebf68c7558c8e644fd152cda67e82ce8
PRI,Puerto Rico (US),HIC,High Income,0,,,False,insufficient_complete_years,"{""minimum_complete_years"":15,""period"":[1990,2020],""required_variables"":[""GDP_per_capita"",""CO2_per_capita"",""Education_Tertiary"",""Rule_of_Law""]}",17f5fefb766f651dd01b0ddf2b6b7706ebf68c7558c8e644fd152cda67e82ce8
PRK,"Korea, Dem. People's Rep.",LIC,Low and Middle Income,0,,,False,insufficient_complete_years,"{""minimum_complete_years"":15,""period"":[1990,2020],""required_variables"":[""GDP_per_capita"",""CO2_per_capita"",""Education_Tertiary"",""Rule_of_Law""]}",17f5fefb766f651dd01b0ddf2b6b7706ebf68c7558c8e644fd152cda67e82ce8
PRT,Portugal,HIC,High Income,6,2015,2020,False,insufficient_complete_years,"{""minimum_complete_years"":15,""period"":[1990,2020],""required_variables"":[""GDP_per_capita"",""CO2_per_capita"",""Education_Tertiary"",""Rule_of_Law""]}",17f5fefb766f651dd01b0ddf2b6b7706ebf68c7558c8e644fd152cda67e82ce8
PRY,Paraguay,UMC,Low and Middle Income,10,1996,2010,False,insufficient_complete_years,"{""minimum_complete_years"":15,""period"":[1990,2020],""required_variables"":[""GDP_per_capita"",""CO2_per_capita"",""Education_Tertiary"",""Rule_of_Law""]}",17f5fefb766f651dd01b0ddf2b6b7706ebf68c7558c8e644fd152cda67e82ce8
PSE,West Bank and Gaza,LMC,Low and Middle Income,22,1996,2020,True,included,"{""minimum_complete_years"":15,""period"":[1990,2020],""required_variables"":[""GDP_per_capita"",""CO2_per_capita"",""Education_Tertiary"",""Rule_of_Law""]}",17f5fefb766f651dd01b0ddf2b6b7706ebf68c7558c8e644fd152cda67e82ce8
PYF,French Polynesia,HIC,High Income,0,,,False,insufficient_complete_years,"{""minimum_complete_years"":15,""period"":[1990,2020],""required_variables"":[""GDP_per_capita"",""CO2_per_capita"",""Education_Tertiary"",""Rule_of_Law""]}",17f5fefb766f651dd01b0ddf2b6b7706ebf68c7558c8e644fd152cda67e82ce8
QAT,Qatar,HIC,High Income,21,1996,2020,True,included,"{""minimum_complete_years"":15,""period"":[1990,2020],""required_variables"":[""GDP_per_capita"",""CO2_per_capita"",""Education_Tertiary"",""Rule_of_Law""]}",17f5fefb766f651dd01b0ddf2b6b7706ebf68c7558c8e644fd152cda67e82ce8
ROU,Romania,HIC,High Income,19,2002,2020,True,included,"{""minimum_complete_years"":15,""period"":[1990,2020],""required_variables"":[""GDP_per_capita"",""CO2_per_capita"",""Education_Tertiary"",""Rule_of_Law""]}",17f5fefb766f651dd01b0ddf2b6b7706ebf68c7558c8e644fd152cda67e82ce8
RUS,Russian Federation,HIC,High Income,21,1996,2020,True,included,"{""minimum_complete_years"":15,""period"":[1990,2020],""required_variables"":[""GDP_per_capita"",""CO2_per_capita"",""Education_Tertiary"",""Rule_of_Law""]}",17f5fefb766f651dd01b0ddf2b6b7706ebf68c7558c8e644fd152cda67e82ce8
RWA,Rwanda,LIC,Low and Middle Income,20,2000,2020,True,included,"{""minimum_complete_years"":15,""period"":[1990,2020],""required_variables"":[""GDP_per_capita"",""CO2_per_capita"",""Education_Tertiary"",""Rule_of_Law""]}",17f5fefb766f651dd01b0ddf2b6b7706ebf68c7558c8e644fd152cda67e82ce8
SAU,Saudi Arabia,HIC,High Income,22,1996,2020,True,included,"{""minimum_complete_years"":15,""period"":[1990,2020],""required_variables"":[""GDP_per_capita"",""CO2_per_capita"",""Education_Tertiary"",""Rule_of_Law""]}",17f5fefb766f651dd01b0ddf2b6b7706ebf68c7558c8e644fd152cda67e82ce8
SDN,Sudan,LIC,Low and Middle Income,15,2000,2015,True,included,"{""minimum_complete_years"":15,""period"":[1990,2020],""required_variables"":[""GDP_per_capita"",""CO2_per_capita"",""Education_Tertiary"",""Rule_of_Law""]}",17f5fefb766f651dd01b0ddf2b6b7706ebf68c7558c8e644fd152cda67e82ce8
SEN,Senegal,LMC,Low and Middle Income,17,2004,2020,True,included,"{""minimum_complete_years"":15,""period"":[1990,2020],""required_variables"":[""GDP_per_capita"",""CO2_per_capita"",""Education_Tertiary"",""Rule_of_Law""]}",17f5fefb766f651dd01b0ddf2b6b7706ebf68c7558c8e644fd152cda67e82ce8
SGP,Singapore,HIC,High Income,8,2010,2020,False,insufficient_complete_years,"{""minimum_complete_years"":15,""period"":[1990,2020],""required_variables"":[""GDP_per_capita"",""CO2_per_capita"",""Education_Tertiary"",""Rule_of_Law""]}",17f5fefb766f651dd01b0ddf2b6b7706ebf68c7558c8e644fd152cda67e82ce8
SLB,Solomon Islands,LMC,Low and Middle Income,0,,,False,insufficient_complete_years,"{""minimum_complete_years"":15,""period"":[1990,2020],""required_variables"":[""GDP_per_capita"",""CO2_per_capita"",""Education_Tertiary"",""Rule_of_Law""]}",17f5fefb766f651dd01b0ddf2b6b7706ebf68c7558c8e644fd152cda67e82ce8
SLE,Sierra Leone,LIC,Low and Middle Income,2,2000,2002,False,insufficient_complete_years,"{""minimum_complete_years"":15,""period"":[1990,2020],""required_variables"":[""GDP_per_capita"",""CO2_per_capita"",""Education_Tertiary"",""Rule_of_Law""]}",17f5fefb766f651dd01b0ddf2b6b7706ebf68c7558c8e644fd152cda67e82ce8
SLV,El Salvador,UMC,Low and Middle Income,22,1996,2020,True,included,"{""minimum_complete_years"":15,""period"":[1990,2020],""required_variables"":[""GDP_per_capita"",""CO2_per_capita"",""Education_Tertiary"",""Rule_of_Law""]}",17f5fefb766f651dd01b0ddf2b6b7706ebf68c7558c8e644fd152cda67e82ce8
SMR,San Marino,HIC,High Income,0,,,False,insufficient_complete_years,"{""minimum_complete_years"":15,""period"":[1990,2020],""required_variables"":[""GDP_per_capita"",""CO2_per_capita"",""Education_Tertiary"",""Rule_of_Law""]}",17f5fefb766f651dd01b0ddf2b6b7706ebf68c7558c8e644fd152cda67e82ce8
SOM,"Somalia, Fed. Rep.",LIC,Low and Middle Income,0,,,False,insufficient_complete_years,"{""minimum_complete_years"":15,""period"":[1990,2020],""required_variables"":[""GDP_per_capita"",""CO2_per_capita"",""Education_Tertiary"",""Rule_of_Law""]}",17f5fefb766f651dd01b0ddf2b6b7706ebf68c7558c8e644fd152cda67e82ce8
SRB,Serbia,UMC,Low and Middle Income,19,2002,2020,True,included,"{""minimum_complete_years"":15,""period"":[1990,2020],""required_variables"":[""GDP_per_capita"",""CO2_per_capita"",""Education_Tertiary"",""Rule_of_Law""]}",17f5fefb766f651dd01b0ddf2b6b7706ebf68c7558c8e644fd152cda67e82ce8
SSD,South Sudan,LIC,Low and Middle Income,0,,,False,insufficient_complete_years,"{""minimum_complete_years"":15,""period"":[1990,2020],""required_variables"":[""GDP_per_capita"",""CO2_per_capita"",""Education_Tertiary"",""Rule_of_Law""]}",17f5fefb766f651dd01b0ddf2b6b7706ebf68c7558c8e644fd152cda67e82ce8
STP,Sao Tome and Principe,LMC,Low and Middle Income,5,2009,2015,False,insufficient_complete_years,"{""minimum_complete_years"":15,""period"":[1990,2020],""required_variables"":[""GDP_per_capita"",""CO2_per_capita"",""Education_Tertiary"",""Rule_of_Law""]}",17f5fefb766f651dd01b0ddf2b6b7706ebf68c7558c8e644fd152cda67e82ce8
SUR,Suriname,UMC,Low and Middle Income,3,2002,2020,False,insufficient_complete_years,"{""minimum_complete_years"":15,""period"":[1990,2020],""required_variables"":[""GDP_per_capita"",""CO2_per_capita"",""Education_Tertiary"",""Rule_of_Law""]}",17f5fefb766f651dd01b0ddf2b6b7706ebf68c7558c8e644fd152cda67e82ce8
SVK,Slovak Republic,HIC,High Income,19,2002,2020,True,included,"{""minimum_complete_years"":15,""period"":[1990,2020],""required_variables"":[""GDP_per_capita"",""CO2_per_capita"",""Education_Tertiary"",""Rule_of_Law""]}",17f5fefb766f651dd01b0ddf2b6b7706ebf68c7558c8e644fd152cda67e82ce8
SVN,Slovenia,HIC,High Income,19,2002,2020,True,included,"{""minimum_complete_years"":15,""period"":[1990,2020],""required_variables"":[""GDP_per_capita"",""CO2_per_capita"",""Education_Tertiary"",""Rule_of_Law""]}",17f5fefb766f651dd01b0ddf2b6b7706ebf68c7558c8e644fd152cda67e82ce8
SWE,Sweden,HIC,High Income,19,2002,2020,True,included,"{""minimum_complete_years"":15,""period"":[1990,2020],""required_variables"":[""GDP_per_capita"",""CO2_per_capita"",""Education_Tertiary"",""Rule_of_Law""]}",17f5fefb766f651dd01b0ddf2b6b7706ebf68c7558c8e644fd152cda67e82ce8
SWZ,Eswatini,LMC,Low and Middle Income,8,1996,2013,False,insufficient_complete_years,"{""minimum_complete_years"":15,""period"":[1990,2020],""required_variables"":[""GDP_per_capita"",""CO2_per_capita"",""Education_Tertiary"",""Rule_of_Law""]}",17f5fefb766f651dd01b0ddf2b6b7706ebf68c7558c8e644fd152cda67e82ce8
SXM,Sint Maarten (Dutch part),HIC,High Income,0,,,False,insufficient_complete_years,"{""minimum_complete_years"":15,""period"":[1990,2020],""required_variables"":[""GDP_per_capita"",""CO2_per_capita"",""Education_Tertiary"",""Rule_of_Law""]}",17f5fefb766f651dd01b0ddf2b6b7706ebf68c7558c8e644fd152cda67e82ce8
SYC,Seychelles,HIC,High Income,10,2011,2020,False,insufficient_complete_years,"{""minimum_complete_years"":15,""period"":[1990,2020],""required_variables"":[""GDP_per_capita"",""CO2_per_capita"",""Education_Tertiary"",""Rule_of_Law""]}",17f5fefb766f651dd01b0ddf2b6b7706ebf68c7558c8e644fd152cda67e82ce8
SYR,Syrian Arab Republic,LIC,Low and Middle Income,15,2002,2016,True,included,"{""minimum_complete_years"":15,""period"":[1990,2020],""required_variables"":[""GDP_per_capita"",""CO2_per_capita"",""Education_Tertiary"",""Rule_of_Law""]}",17f5fefb766f651dd01b0ddf2b6b7706ebf68c7558c8e644fd152cda67e82ce8
TCA,Turks and Caicos Islands,HIC,High Income,0,,,False,insufficient_complete_years,"{""minimum_complete_years"":15,""period"":[1990,2020],""required_variables"":[""GDP_per_capita"",""CO2_per_capita"",""Education_Tertiary"",""Rule_of_Law""]}",17f5fefb766f651dd01b0ddf2b6b7706ebf68c7558c8e644fd152cda67e82ce8
TCD,Chad,LIC,Low and Middle Income,13,1996,2020,False,insufficient_complete_years,"{""minimum_complete_years"":15,""period"":[1990,2020],""required_variables"":[""GDP_per_capita"",""CO2_per_capita"",""Education_Tertiary"",""Rule_of_Law""]}",17f5fefb766f651dd01b0ddf2b6b7706ebf68c7558c8e644fd152cda67e82ce8
TGO,Togo,LMC,Low and Middle Income,15,1996,2020,True,included,"{""minimum_complete_years"":15,""period"":[1990,2020],""required_variables"":[""GDP_per_capita"",""CO2_per_capita"",""Education_Tertiary"",""Rule_of_Law""]}",17f5fefb766f651dd01b0ddf2b6b7706ebf68c7558c8e644fd152cda67e82ce8
THA,Thailand,UMC,Low and Middle Income,22,1996,2020,True,included,"{""minimum_complete_years"":15,""period"":[1990,2020],""required_variables"":[""GDP_per_capita"",""CO2_per_capita"",""Education_Tertiary"",""Rule_of_Law""]}",17f5fefb766f651dd01b0ddf2b6b7706ebf68c7558c8e644fd152cda67e82ce8
TJK,Tajikistan,LMC,Low and Middle Income,18,2000,2020,True,included,"{""minimum_complete_years"":15,""period"":[1990,2020],""required_variables"":[""GDP_per_capita"",""CO2_per_capita"",""Education_Tertiary"",""Rule_of_Law""]}",17f5fefb766f651dd01b0ddf2b6b7706ebf68c7558c8e644fd152cda67e82ce8
TKM,Turkmenistan,UMC,Low and Middle Income,3,2014,2020,False,insufficient_complete_years,"{""minimum_complete_years"":15,""period"":[1990,2020],""required_variables"":[""GDP_per_capita"",""CO2_per_capita"",""Education_Tertiary"",""Rule_of_Law""]}",17f5fefb766f651dd01b0ddf2b6b7706ebf68c7558c8e644fd152cda67e82ce8
TLS,Timor-Leste,LMC,Low and Middle Income,3,2002,2010,False,insufficient_complete_years,"{""minimum_complete_years"":15,""period"":[1990,2020],""required_variables"":[""GDP_per_capita"",""CO2_per_capita"",""Education_Tertiary"",""Rule_of_Law""]}",17f5fefb766f651dd01b0ddf2b6b7706ebf68c7558c8e644fd152cda67e82ce8
TON,Tonga,UMC,Low and Middle Income,4,2000,2020,False,insufficient_complete_years,"{""minimum_complete_years"":15,""period"":[1990,2020],""required_variables"":[""GDP_per_capita"",""CO2_per_capita"",""Education_Tertiary"",""Rule_of_Law""]}",17f5fefb766f651dd01b0ddf2b6b7706ebf68c7558c8e644fd152cda67e82ce8
TTO,Trinidad and Tobago,HIC,High Income,4,2000,2004,False,insufficient_complete_years,"{""minimum_complete_years"":15,""period"":[1990,2020],""required_variables"":[""GDP_per_capita"",""CO2_per_capita"",""Education_Tertiary"",""Rule_of_Law""]}",17f5fefb766f651dd01b0ddf2b6b7706ebf68c7558c8e644fd152cda67e82ce8
TUN,Tunisia,LMC,Low and Middle Income,22,1996,2020,True,included,"{""minimum_complete_years"":15,""period"":[1990,2020],""required_variables"":[""GDP_per_capita"",""CO2_per_capita"",""Education_Tertiary"",""Rule_of_Law""]}",17f5fefb766f651dd01b0ddf2b6b7706ebf68c7558c8e644fd152cda67e82ce8
TUR,Turkiye,UMC,Low and Middle Income,20,1998,2020,True,included,"{""minimum_complete_years"":15,""period"":[1990,2020],""required_variables"":[""GDP_per_capita"",""CO2_per_capita"",""Education_Tertiary"",""Rule_of_Law""]}",17f5fefb766f651dd01b0ddf2b6b7706ebf68c7558c8e644fd152cda67e82ce8
TUV,Tuvalu,UMC,Low and Middle Income,0,,,False,insufficient_complete_years,"{""minimum_complete_years"":15,""period"":[1990,2020],""required_variables"":[""GDP_per_capita"",""CO2_per_capita"",""Education_Tertiary"",""Rule_of_Law""]}",17f5fefb766f651dd01b0ddf2b6b7706ebf68c7558c8e644fd152cda67e82ce8
TZA,Tanzania,LMC,Low and Middle Income,17,1996,2020,True,included,"{""minimum_complete_years"":15,""period"":[1990,2020],""required_variables"":[""GDP_per_capita"",""CO2_per_capita"",""Education_Tertiary"",""Rule_of_Law""]}",17f5fefb766f651dd01b0ddf2b6b7706ebf68c7558c8e644fd152cda67e82ce8
UGA,Uganda,LIC,Low and Middle Income,12,1996,2014,False,insufficient_complete_years,"{""minimum_complete_years"":15,""period"":[1990,2020],""required_variables"":[""GDP_per_capita"",""CO2_per_capita"",""Education_Tertiary"",""Rule_of_Law""]}",17f5fefb766f651dd01b0ddf2b6b7706ebf68c7558c8e644fd152cda67e82ce8
UKR,Ukraine,UMC,Low and Middle Income,22,1996,2020,True,included,"{""minimum_complete_years"":15,""period"":[1990,2020],""required_variables"":[""GDP_per_capita"",""CO2_per_capita"",""Education_Tertiary"",""Rule_of_Law""]}",17f5fefb766f651dd01b0ddf2b6b7706ebf68c7558c8e644fd152cda67e82ce8
URY,Uruguay,HIC,High Income,22,1996,2020,True,included,"{""minimum_complete_years"":15,""period"":[1990,2020],""required_variables"":[""GDP_per_capita"",""CO2_per_capita"",""Education_Tertiary"",""Rule_of_Law""]}",17f5fefb766f651dd01b0ddf2b6b7706ebf68c7558c8e644fd152cda67e82ce8
USA,United States,HIC,High Income,11,1996,2020,False,insufficient_complete_years,"{""minimum_complete_years"":15,""period"":[1990,2020],""required_variables"":[""GDP_per_capita"",""CO2_per_capita"",""Education_Tertiary"",""Rule_of_Law""]}",17f5fefb766f651dd01b0ddf2b6b7706ebf68c7558c8e644fd152cda67e82ce8
UZB,Uzbekistan,LMC,Low and Middle Income,20,2000,2020,True,included,"{""minimum_complete_years"":15,""period"":[1990,2020],""required_variables"":[""GDP_per_capita"",""CO2_per_capita"",""Education_Tertiary"",""Rule_of_Law""]}",17f5fefb766f651dd01b0ddf2b6b7706ebf68c7558c8e644fd152cda67e82ce8
VCT,St. Vincent and the Grenadines,UMC,Low and Middle Income,11,2010,2020,False,insufficient_complete_years,"{""minimum_complete_years"":15,""period"":[1990,2020],""required_variables"":[""GDP_per_capita"",""CO2_per_capita"",""Education_Tertiary"",""Rule_of_Law""]}",17f5fefb766f651dd01b0ddf2b6b7706ebf68c7558c8e644fd152cda67e82ce8
VEN,"Venezuela, RB",LMC,Low and Middle Income,6,2000,2009,False,insufficient_complete_years,"{""minimum_complete_years"":15,""period"":[1990,2020],""required_variables"":[""GDP_per_capita"",""CO2_per_capita"",""Education_Tertiary"",""Rule_of_Law""]}",17f5fefb766f651dd01b0ddf2b6b7706ebf68c7558c8e644fd152cda67e82ce8
VGB,British Virgin Islands,HIC,High Income,0,,,False,insufficient_complete_years,"{""minimum_complete_years"":15,""period"":[1990,2020],""required_variables"":[""GDP_per_capita"",""CO2_per_capita"",""Education_Tertiary"",""Rule_of_Law""]}",17f5fefb766f651dd01b0ddf2b6b7706ebf68c7558c8e644fd152cda67e82ce8
VIR,Virgin Islands (U.S.),HIC,High Income,0,,,False,insufficient_complete_years,"{""minimum_complete_years"":15,""period"":[1990,2020],""required_variables"":[""GDP_per_capita"",""CO2_per_capita"",""Education_Tertiary"",""Rule_of_Law""]}",17f5fefb766f651dd01b0ddf2b6b7706ebf68c7558c8e644fd152cda67e82ce8
VNM,Viet Nam,UMC,Low and Middle Income,19,1996,2019,True,included,"{""minimum_complete_years"":15,""period"":[1990,2020],""required_variables"":[""GDP_per_capita"",""CO2_per_capita"",""Education_Tertiary"",""Rule_of_Law""]}",17f5fefb766f651dd01b0ddf2b6b7706ebf68c7558c8e644fd152cda67e82ce8
VUT,Vanuatu,LMC,Low and Middle Income,4,2000,2004,False,insufficient_complete_years,"{""minimum_complete_years"":15,""period"":[1990,2020],""required_variables"":[""GDP_per_capita"",""CO2_per_capita"",""Education_Tertiary"",""Rule_of_Law""]}",17f5fefb766f651dd01b0ddf2b6b7706ebf68c7558c8e644fd152cda67e82ce8
WSM,Samoa,UMC,Low and Middle Income,6,1998,2020,False,insufficient_complete_years,"{""minimum_complete_years"":15,""period"":[1990,2020],""required_variables"":[""GDP_per_capita"",""CO2_per_capita"",""Education_Tertiary"",""Rule_of_Law""]}",17f5fefb766f651dd01b0ddf2b6b7706ebf68c7558c8e644fd152cda67e82ce8
XKX,Kosovo,UMC,Low and Middle Income,0,,,False,insufficient_complete_years,"{""minimum_complete_years"":15,""period"":[1990,2020],""required_variables"":[""GDP_per_capita"",""CO2_per_capita"",""Education_Tertiary"",""Rule_of_Law""]}",17f5fefb766f651dd01b0ddf2b6b7706ebf68c7558c8e644fd152cda67e82ce8
YEM,"Yemen, Rep.",LIC,Low and Middle Income,10,2002,2011,False,insufficient_complete_years,"{""minimum_complete_years"":15,""period"":[1990,2020],""required_variables"":[""GDP_per_capita"",""CO2_per_capita"",""Education_Tertiary"",""Rule_of_Law""]}",17f5fefb766f651dd01b0ddf2b6b7706ebf68c7558c8e644fd152cda67e82ce8
ZAF,South Africa,UMC,Low and Middle Income,9,2012,2020,False,insufficient_complete_years,"{""minimum_complete_years"":15,""period"":[1990,2020],""required_variables"":[""GDP_per_capita"",""CO2_per_capita"",""Education_Tertiary"",""Rule_of_Law""]}",17f5fefb766f651dd01b0ddf2b6b7706ebf68c7558c8e644fd152cda67e82ce8
ZMB,Zambia,LMC,Low and Middle Income,3,1998,2012,False,insufficient_complete_years,"{""minimum_complete_years"":15,""period"":[1990,2020],""required_variables"":[""GDP_per_capita"",""CO2_per_capita"",""Education_Tertiary"",""Rule_of_Law""]}",17f5fefb766f651dd01b0ddf2b6b7706ebf68c7558c8e644fd152cda67e82ce8
ZWE,Zimbabwe,LMC,Low and Middle Income,5,2010,2015,False,insufficient_complete_years,"{""minimum_complete_years"":15,""period"":[1990,2020],""required_variables"":[""GDP_per_capita"",""CO2_per_capita"",""Education_Tertiary"",""Rule_of_Law""]}",17f5fefb766f651dd01b0ddf2b6b7706ebf68c7558c8e644fd152cda67e82ce8
